page	cadre	écran	mot	classe	clé ou source
ecrans-brennar-6.html	0	⑯	REGISTRE DU MATIN	sans source	
ecrans-brennar-6.html	0	⑯	Jour 12 — trois signalements	sans source	
ecrans-brennar-6.html	0	⑯	Lt. Hara	nom de fiction	
ecrans-brennar-6.html	0	⑯	signale rarement · J11	servi	composé : revue.chip.signale_rarement + nombre
ecrans-brennar-6.html	0	⑯	J’ai replanifié la tournée des coursiers — l’horaire habituel n’a pas été tenu. Vous validez ?	servi	revue.phrase.j_ai_replanifie_la_tournee_sujet
ecrans-brennar-6.html	0	⑯	rendre	sans source	
ecrans-brennar-6.html	0	⑯	garder · appui long	sans source	
ecrans-brennar-6.html	0	⑯	Lt. Sallo	nom de fiction	
ecrans-brennar-6.html	0	⑯	signale rarement · J11	servi	composé : revue.chip.signale_rarement + nombre
ecrans-brennar-6.html	0	⑯	J’ai fait tourner le coin de vente — le Lek tournait hors du rythme convenu.	sans source	
ecrans-brennar-6.html	0	⑯	rendre	sans source	
ecrans-brennar-6.html	0	⑯	garder · appui long	sans source	
ecrans-brennar-6.html	0	⑯	Lt. Tovah	nom de fiction	
ecrans-brennar-6.html	0	⑯	signale souvent · nouvelle · J11	sans source	
ecrans-brennar-6.html	0	⑯	J’ai rapproché les comptes de la façade — la caisse déclarée s’écarte de l’habitude.	servi	revue.phrase.j_ai_rapproche_les_comptes_de_sujet
ecrans-brennar-6.html	0	⑯	rendre	sans source	
ecrans-brennar-6.html	0	⑯	garder · appui long	sans source	
ecrans-brennar-6.html	0	⑯	La routine, tenue sans vous	sans source	
ecrans-brennar-6.html	0	⑯	17	nombre	
ecrans-brennar-6.html	0	⑯	CONFIRMER LA ROUTINE · 17	sans source	
ecrans-brennar-6.html	0	⑯	appui long — les 3 signalements restent à votre main	sans source	
ecrans-brennar-6.html	1	⑯	REGISTRE DU MATIN	sans source	
ecrans-brennar-6.html	1	⑯	Jour 13 — rien à signaler	servi	composé : nombre + accueil.carte.rien_a_signaler
ecrans-brennar-6.html	1	⑯	Vos lieutenants ont tenu la ligne —	fragment servi	
ecrans-brennar-6.html	1	⑯	rien ne réclame votre parole	fragment servi	
ecrans-brennar-6.html	1	⑯	La routine, tenue sans vous	sans source	
ecrans-brennar-6.html	1	⑯	9	nombre	
ecrans-brennar-6.html	1	⑯	CONFIRMER LA ROUTINE · 9	sans source	
ecrans-brennar-6.html	1	⑯	appui long — rien d’autre ne vous attend	servi	revue.bloc.appui_long_rien_d_autre_ne_vous_attend
ecrans-brennar-6.html	2	⑯	REGISTRE DU MATIN	sans source	
ecrans-brennar-6.html	2	⑯	Jour 12 — vos verdicts	sans source	
ecrans-brennar-6.html	2	⑯	Lt. Hara	nom de fiction	
ecrans-brennar-6.html	2	⑯	signale rarement · J11	servi	composé : revue.chip.signale_rarement + nombre
ecrans-brennar-6.html	2	⑯	J’ai replanifié la tournée des coursiers — l’horaire habituel n’a pas été tenu. Vous validez ?	servi	revue.phrase.j_ai_replanifie_la_tournee_sujet
ecrans-brennar-6.html	2	⑯	rendu	servi	revue.verdict.rendu
ecrans-brennar-6.html	2	⑯	il garde sa confiance	servi	revue.verdict.il_garde_sa_confiance
ecrans-brennar-6.html	2	⑯	Lt. Sallo	nom de fiction	
ecrans-brennar-6.html	2	⑯	signale rarement · J11	servi	composé : revue.chip.signale_rarement + nombre
ecrans-brennar-6.html	2	⑯	J’ai fait tourner le coin de vente — le Lek tournait hors du rythme convenu.	sans source	
ecrans-brennar-6.html	2	⑯	rendu	servi	revue.verdict.rendu
ecrans-brennar-6.html	2	⑯	il garde sa confiance	servi	revue.verdict.il_garde_sa_confiance
ecrans-brennar-6.html	2	⑯	Lt. Tovah	nom de fiction	
ecrans-brennar-6.html	2	⑯	signale souvent · nouvelle · J11	sans source	
ecrans-brennar-6.html	2	⑯	J’ai rapproché les comptes de la façade — la caisse déclarée s’écarte de l’habitude.	servi	revue.phrase.j_ai_rapproche_les_comptes_de_sujet
ecrans-brennar-6.html	2	⑯	perdu	servi	revue.verdict.perdu building.payout.none
ecrans-brennar-6.html	2	⑯	remise dans 2 jours	sans source	
ecrans-brennar-6.html	2	⑯	La routine, tenue sans vous	sans source	
ecrans-brennar-6.html	2	⑯	17	nombre	
ecrans-brennar-6.html	2	⑯	SIGNÉ · 17 ROUTINES	sans source	
ecrans-brennar-6.html	2	⑯	d’un seul appui — le registre est clos pour aujourd’hui	servi	revue.bloc.d_un_seul_appui_le_registre_est_clos_pour_aujourd_hui
ecrans-brennar-6.html	3	⑯	REGISTRE DU MATIN	sans source	
ecrans-brennar-6.html	3	⑯	Jour 12 — avec les lots back	sans source	
ecrans-brennar-6.html	3	⑯	Lt. Hara	nom de fiction	
ecrans-brennar-6.html	3	⑯	signale rarement · J11	servi	composé : revue.chip.signale_rarement + nombre
ecrans-brennar-6.html	3	⑯	J’ai réacheminé	fragment servi	
ecrans-brennar-6.html	3	⑯	la tournée 7	sans source	
ecrans-brennar-6.html	3	⑯	— le nouveau trajet passe à deux rues du commissariat.	sans source	
ecrans-brennar-6.html	3	⑯	rendre	sans source	
ecrans-brennar-6.html	3	⑯	garder · appui long	sans source	
ecrans-brennar-6.html	3	⑯	Lt. Sallo	nom de fiction	
ecrans-brennar-6.html	3	⑯	signale rarement · J11	servi	composé : revue.chip.signale_rarement + nombre
ecrans-brennar-6.html	3	⑯	Je tiens	sans source	
ecrans-brennar-6.html	3	⑯	le coin du Lek	sans source	
ecrans-brennar-6.html	3	⑯	malgré la surenchère — le droit de place a doublé.	sans source	
ecrans-brennar-6.html	3	⑯	rendre	sans source	
ecrans-brennar-6.html	3	⑯	garder · appui long	sans source	
ecrans-brennar-6.html	3	⑯	Lt. Tovah	nom de fiction	
ecrans-brennar-6.html	3	⑯	signale souvent · nouvelle · J11	sans source	
ecrans-brennar-6.html	3	⑯	J’ai rapproché les comptes	fragment servi	
ecrans-brennar-6.html	3	⑯	du lavomatic	sans source	
ecrans-brennar-6.html	3	⑯	— les recettes déclarées dépassent celles d’une laverie.	sans source	
ecrans-brennar-6.html	3	⑯	rendre	sans source	
ecrans-brennar-6.html	3	⑯	garder · appui long	sans source	
ecrans-brennar-6.html	3	⑯	La routine, tenue sans vous	sans source	
ecrans-brennar-6.html	3	⑯	17	nombre	
ecrans-brennar-6.html	3	⑯	CONFIRMER LA ROUTINE · 17	sans source	
ecrans-brennar-6.html	3	⑯	appui long — les 3 signalements restent à votre main	sans source	
ecrans-brennar-6.html	4	⑤	Ce qui pèse le plus ce soir	sans source	
ecrans-brennar-6.html	4	⑤	tactique	sans source	
ecrans-brennar-6.html	4	⑤	Des rapports d’autonomie attendent votre lecture	sans source	
ecrans-brennar-6.html	4	⑤	Portée	sans source	
ecrans-brennar-6.html	4	⑤	modérée	servi	exceptions.gravite.moderate decision.portee.moderee
ecrans-brennar-6.html	4	⑤	Urgence	sans source	
ecrans-brennar-6.html	4	⑤	faible	servi	accueil.etat.low building.raid_risk.low revue.reserve.faible
ecrans-brennar-6.html	4	⑤	1	nombre	
ecrans-brennar-6.html	4	⑤	libre	servi	carte.bloc.libre
ecrans-brennar-6.html	4	⑤	votre décision structurelle de la session	sans source	
ecrans-brennar-6.html	4	⑤	Laisser sur le tapis	sans source	
ecrans-brennar-6.html	4	⑤	elle revient à la prochaine session, au même rang	sans source	
ecrans-brennar-6.html	4	⑤	LES LIRE MAINTENANT	sans source	
ecrans-brennar-6.html	4	⑤	appui long — la carte est tranchée ; le sujet, lui, reste à traiter	sans source	
ecrans-brennar-6.html	5	⑤	Ce soir, rien ne se détache	sans source	
ecrans-brennar-6.html	5	⑤	1	nombre	
ecrans-brennar-6.html	5	⑤	libre	servi	carte.bloc.libre
ecrans-brennar-6.html	5	⑤	votre décision structurelle de la session	sans source	
ecrans-brennar-6.html	5	⑤	Rien ne pèse plus que le reste — vos affaires tiennent	sans source	
ecrans-brennar-6.html	6	⑤	Ce qui pèse le plus ce soir	sans source	
ecrans-brennar-6.html	6	⑤	tactique	sans source	
ecrans-brennar-6.html	6	⑤	Une affaire judiciaire attend votre choix	sans source	
ecrans-brennar-6.html	6	⑤	Portée	sans source	
ecrans-brennar-6.html	6	⑤	majeure	servi	decision.portee.majeure
ecrans-brennar-6.html	6	⑤	Urgence	sans source	
ecrans-brennar-6.html	6	⑤	pressante	servi	decision.urgence.pressante
ecrans-brennar-6.html	6	⑤	prise	sans source	
ecrans-brennar-6.html	6	⑤	votre décision structurelle de la session	sans source	
ecrans-brennar-6.html	6	⑤	Votre décision structurelle est prise — cette carte est tactique, elle se tranche quand même.	sans source	
ecrans-brennar-6.html	6	⑤	Laisser courir	servi	autonomy.dist.letride
ecrans-brennar-6.html	6	⑤	elle revient à la prochaine session, au même rang	sans source	
ecrans-brennar-6.html	6	⑤	ACCEPTER L’ACCORD	sans source	
ecrans-brennar-6.html	6	⑤	appui long — la carte est tranchée ; l’affaire suit son cours	sans source	
ecrans-brennar-6.html	7	⑤	Vous filez aux rapports	sans source	
ecrans-brennar-6.html	7	⑤	tactique	sans source	
ecrans-brennar-6.html	7	⑤	Des rapports d’autonomie attendent votre lecture	sans source	
ecrans-brennar-6.html	7	⑤	Portée	sans source	
ecrans-brennar-6.html	7	⑤	modérée	servi	exceptions.gravite.moderate decision.portee.moderee
ecrans-brennar-6.html	7	⑤	Urgence	sans source	
ecrans-brennar-6.html	7	⑤	faible	servi	accueil.etat.low building.raid_risk.low revue.reserve.faible
ecrans-brennar-6.html	7	⑤	TRANCHÉE	sans source	
ecrans-brennar-6.html	7	⑤	1	nombre	
ecrans-brennar-6.html	7	⑤	libre	servi	carte.bloc.libre
ecrans-brennar-6.html	7	⑤	votre décision structurelle de la session	sans source	
ecrans-brennar-6.html	7	⑤	La carte est tranchée — pas le sujet : tant que des rapports attendent, la ville redistribuera la même carte.	sans source	
ecrans-brennar-6.html	7	⑤	Voir les rapports	sans source	
ecrans-brennar-6.html	7	⑤	le cuisinier vous attend au comptoir	sans source	
ecrans-brennar-6.html	8	⑤	Ce qui pèse le plus ce soir	sans source	
ecrans-brennar-6.html	8	⑤	tactique	sans source	
ecrans-brennar-6.html	8	⑤	Trois	servi	exceptions.nombre.trois
ecrans-brennar-6.html	8	⑤	escalades s’accumulent	sans source	
ecrans-brennar-6.html	8	⑤	Portée	sans source	
ecrans-brennar-6.html	8	⑤	modérée	servi	exceptions.gravite.moderate decision.portee.moderee
ecrans-brennar-6.html	8	⑤	Urgence	sans source	
ecrans-brennar-6.html	8	⑤	élevée	servi	revue.reserve.elevee decision.urgence.elevee
ecrans-brennar-6.html	8	⑤	déjà laissée sur le tapis une fois	sans source	
ecrans-brennar-6.html	8	⑤	1	nombre	
ecrans-brennar-6.html	8	⑤	libre	servi	carte.bloc.libre
ecrans-brennar-6.html	8	⑤	votre décision structurelle de la session	sans source	
ecrans-brennar-6.html	8	⑤	Les escalades archivées ›	sans source	
ecrans-brennar-6.html	8	⑤	la cible de la carte	sans source	
ecrans-brennar-6.html	8	⑤	Laisser sur le tapis	sans source	
ecrans-brennar-6.html	8	⑤	elle revient à la prochaine session, au même rang	sans source	
ecrans-brennar-6.html	8	⑤	LES PASSER EN REVUE	sans source	
ecrans-brennar-6.html	8	⑤	appui long — la carte est tranchée ; le sujet, lui, reste à traiter	sans source	
ecrans-brennar-6.html	9	⑨	Ce soir — ils attendent	sans source	
ecrans-brennar-6.html	9	⑨	Lt. Kane	nom de fiction	
ecrans-brennar-6.html	9	⑨	B	sans source	
ecrans-brennar-6.html	9	⑨	la ville	servi	exceptions.locuteur.la_ville
ecrans-brennar-6.html	9	⑨	Lt. Marr	nom de fiction	
ecrans-brennar-6.html	9	⑨	Lt. Kane	nom de fiction	
ecrans-brennar-6.html	9	⑨	· cuisinier · grave · critique	sans source	
ecrans-brennar-6.html	9	⑨	« Patron — ils ont retourné le bâtiment cette nuit. J’ai pas de consigne pour ça. »	sans source	
ecrans-brennar-6.html	9	⑨	sa main : 5 autres issues ›	sans source	
ecrans-brennar-6.html	9	⑨	RÉPARER LE BÂTIMENT	servi	exception.raid.repair.label
ecrans-brennar-6.html	9	⑨	suggéré · appui long — on efface d’un revers	sans source	
ecrans-brennar-6.html	9	⑨	escalades archivées · 1 ›	sans source	
ecrans-brennar-6.html	10	⑩	Lt. Kane — sa main	sans source	
ecrans-brennar-6.html	10	⑩	Lt. Kane	nom de fiction	
ecrans-brennar-6.html	10	⑩	· cuisinier · grave · critique · il est sûr	sans source	
ecrans-brennar-6.html	10	⑩	« Ils ont retourné le bâtiment cette nuit. J’ai pas de consigne pour ça.	sans source	
ecrans-brennar-6.html	10	⑩	Je fais quoi ?	servi	exception_detail.bloc.je_fais_quoi
ecrans-brennar-6.html	10	⑩	♦ Réparer le bâtiment	sans source	
ecrans-brennar-6.html	10	⑩	suggéré — payer pour le remettre en marche, avec le temps	servi	composé : exception_detail.bloc.suggere + exception.raid.repair.projected_consequence
ecrans-brennar-6.html	10	⑩	♠ Soudoyer un fonctionnaire	sans source	
ecrans-brennar-6.html	10	⑩	risqué — le raid disparaît… ou la chaleur monte	sans source	
ecrans-brennar-6.html	10	⑩	♣ Faire le mort	sans source	
ecrans-brennar-6.html	10	⑩	risqué — perd de la chaleur, le bâtiment reste abîmé	sans source	
ecrans-brennar-6.html	10	⑩	♣ Lui apprendre à gérer seul un raid	sans source	
ecrans-brennar-6.html	10	⑩	désormais il s’en charge — une règle	servi	exception.raid.add_rule.projected_consequence
ecrans-brennar-6.html	10	⑩	Prendre acte	servi	exception.raid.acknowledge.label
ecrans-brennar-6.html	10	⑩	écarter la carte	sans source	
ecrans-brennar-6.html	10	⑩	Escalader	servi	exception_detail.bloc.escalate exception.raid.escalate.label
ecrans-brennar-6.html	10	⑩	archiver pour y revenir	sans source	
ecrans-brennar-6.html	10	⑩	RÉPARER LE BÂTIMENT	servi	exception.raid.repair.label
ecrans-brennar-6.html	10	⑩	appui long — la carte se ferme ; le bâtiment se répare avec le temps	sans source	
ecrans-brennar-6.html	11	⑨	Ce soir — personne	sans source	
ecrans-brennar-6.html	11	⑨	Personne ne fait la queue — la routine tient	fragment servi	
ecrans-brennar-6.html	11	⑨	escalades archivées · rien à relire ›	sans source	
ecrans-brennar-6.html	12	⑨	Deux attendent encore	fragment servi	
ecrans-brennar-6.html	12	⑨	Lt. Kane	nom de fiction	
ecrans-brennar-6.html	12	⑨	B	sans source	
ecrans-brennar-6.html	12	⑨	la ville	servi	exceptions.locuteur.la_ville
ecrans-brennar-6.html	12	⑨	Lt. Marr	nom de fiction	
ecrans-brennar-6.html	12	⑨	Lt. Kane — réparer le bâtiment	servi	composé : nom de fiction + exception.raid.repair.label
ecrans-brennar-6.html	12	⑨	EN RÉPARATION	servi	building.structural.repairing exception_detail.outcome.repairing
ecrans-brennar-6.html	12	⑨	La ville	servi	exceptions.locuteur.la_ville
ecrans-brennar-6.html	12	⑨	· grave · urgente	sans source	
ecrans-brennar-6.html	12	⑨	La chaleur est haute — vos opérations sont sous pression.	servi	exception.heat_pressure.card.descriptor
ecrans-brennar-6.html	12	⑨	PRENDRE ACTE	servi	exception.raid.acknowledge.label
ecrans-brennar-6.html	12	⑨	suggéré · appui long — sa main : 1 autre issue ›	sans source	
ecrans-brennar-6.html	13	⑨	Ce soir — ils attendent	sans source	
ecrans-brennar-6.html	13	⑨	Lt. Hara · 3 h	servi	composé : nom de fiction + nombre
ecrans-brennar-6.html	13	⑨	B	sans source	
ecrans-brennar-6.html	13	⑨	la ville · hier	sans source	
ecrans-brennar-6.html	13	⑨	Lt. Sallo · 40 min	sans source	
ecrans-brennar-6.html	13	⑨	Lt. Hara	nom de fiction	
ecrans-brennar-6.html	13	⑨	· cuisinier · au Verge d’Or · grave	sans source	
ecrans-brennar-6.html	13	⑨	« Patron — ils ont retourné le Verge cette nuit. J’ai pas de consigne pour ça. »	sans source	
ecrans-brennar-6.html	13	⑨	RÉPARER LE VERGE D’OR	servi	exceptions.bloc.reparer_enseigne
ecrans-brennar-6.html	13	⑨	suggéré · appui long — sa main : 5 autres issues ›	sans source	
ecrans-brennar-6.html	13	⑨	prendre acte des deux modérées d’un seul geste ›	sans source	
ecrans-brennar-6.html	14	⑭	TENSION	sans source	
ecrans-brennar-6.html	14	⑭	SEMAINE ANNONCÉE — MONTANTE	sans source	
ecrans-brennar-6.html	14	⑭	Vos problèmes s’accumulent	sans source	
ecrans-brennar-6.html	14	⑭	— tout ce qui traîne va être mis sur la table. Une fois ouverte, la semaine ne se referme pas.	sans source	
ecrans-brennar-6.html	14	⑭	OUVRIR LA SEMAINE	sans source	
ecrans-brennar-6.html	14	⑭	appui long — le tableau s’ouvre, le budget avec	sans source	
ecrans-brennar-6.html	14	⑭	REPORTER D’UN CYCLE	sans source	
ecrans-brennar-6.html	14	⑭	appui long — une seule fois	sans source	
ecrans-brennar-6.html	15	⑭	TENSION	sans source	
ecrans-brennar-6.html	15	⑭	OUVERTE TOUTE SEULE — ÉCRASANTE	sans source	
ecrans-brennar-6.html	15	⑭	3	nombre	
ecrans-brennar-6.html	15	⑭	4	nombre	
ecrans-brennar-6.html	15	⑭	5	nombre	
ecrans-brennar-6.html	15	⑭	TROIS DÉCISIONS · UN GESTE = UN JETON	sans source	
ecrans-brennar-6.html	15	⑭	UNE EXCEPTION ATTEND DEPUIS TROP LONGTEMPS	sans source	
ecrans-brennar-6.html	15	⑭	sur un lieutenant	sans source	
ecrans-brennar-6.html	15	⑭	Régler	sans source	
ecrans-brennar-6.html	15	⑭	Passer	sans source	
ecrans-brennar-6.html	15	⑭	UN NŒUD DE LA CHAÎNE SATURE	sans source	
ecrans-brennar-6.html	15	⑭	sur un bâtiment · se règle sur la chaîne	sans source	
ecrans-brennar-6.html	15	⑭	Passer	sans source	
ecrans-brennar-6.html	15	⑭	UN TRONÇON FATIGUE FAUTE D’ENTRETIEN	sans source	
ecrans-brennar-6.html	15	⑭	sur un tronçon	sans source	
ecrans-brennar-6.html	15	⑭	Régler	sans source	
ecrans-brennar-6.html	15	⑭	Passer	sans source	
ecrans-brennar-6.html	15	⑭	UN SIGNALEMENT N’A PAS ÉTÉ TRANCHÉ	sans source	
ecrans-brennar-6.html	15	⑭	le seul qu’on peut écarter	sans source	
ecrans-brennar-6.html	15	⑭	Régler	sans source	
ecrans-brennar-6.html	15	⑭	Passer	sans source	
ecrans-brennar-6.html	15	⑭	Écarter	sans source	
ecrans-brennar-6.html	15	⑭	UN CRÉNEAU DE LA PILE A RATÉ	sans source	
ecrans-brennar-6.html	15	⑭	traitée	sans source	
ecrans-brennar-6.html	16	⑭	TENSION	sans source	
ecrans-brennar-6.html	16	⑭	ÉCRASANTE — UN AUTRE APPARAÎT	sans source	
ecrans-brennar-6.html	16	⑭	4	nombre	
ecrans-brennar-6.html	16	⑭	5	nombre	
ecrans-brennar-6.html	16	⑭	DEUX DÉCISIONS RESTENT	sans source	
ecrans-brennar-6.html	16	⑭	UNE EXCEPTION ATTEND DEPUIS TROP LONGTEMPS	sans source	
ecrans-brennar-6.html	16	⑭	traitée	sans source	
ecrans-brennar-6.html	16	⑭	UNE SECONDE EXCEPTION ATTEND DERRIÈRE	sans source	
ecrans-brennar-6.html	16	⑭	révélée par votre geste · sur un lieutenant	sans source	
ecrans-brennar-6.html	16	⑭	Régler	sans source	
ecrans-brennar-6.html	16	⑭	Passer	sans source	
ecrans-brennar-6.html	16	⑭	UN NŒUD DE LA CHAÎNE SATURE	sans source	
ecrans-brennar-6.html	16	⑭	sur un bâtiment · se règle sur la chaîne	sans source	
ecrans-brennar-6.html	16	⑭	Passer	sans source	
ecrans-brennar-6.html	16	⑭	UN TRONÇON FATIGUE FAUTE D’ENTRETIEN	sans source	
ecrans-brennar-6.html	16	⑭	sur un tronçon	sans source	
ecrans-brennar-6.html	16	⑭	Régler	sans source	
ecrans-brennar-6.html	16	⑭	Passer	sans source	
ecrans-brennar-6.html	16	⑭	UN SIGNALEMENT N’A PAS ÉTÉ TRANCHÉ	sans source	
ecrans-brennar-6.html	16	⑭	le seul qu’on peut écarter	sans source	
ecrans-brennar-6.html	16	⑭	Régler	sans source	
ecrans-brennar-6.html	16	⑭	Passer	sans source	
ecrans-brennar-6.html	16	⑭	Écarter	sans source	
ecrans-brennar-6.html	17	⑭	TENSION	sans source	
ecrans-brennar-6.html	17	⑭	SEMAINE CLOSE — LA TENSION RETOMBE	sans source	
ecrans-brennar-6.html	17	⑭	CINQ DÉCISIONS PRISES · PLUS RIEN À JOUER	sans source	
ecrans-brennar-6.html	17	⑭	Votre dernière décision a fermé la semaine.	sans source	
ecrans-brennar-6.html	17	⑭	Ce qui n’a pas été réglé reste sur la table — et pèsera la prochaine fois.	sans source	
ecrans-brennar-6.html	17	⑭	LE TABLEAU DE LA SEMAINE ›	sans source	
ecrans-brennar-6.html	17	⑭	relire ce qui a été fait	sans source	
ecrans-brennar-6.html	18	⑭	TENSION	sans source	
ecrans-brennar-6.html	18	⑭	CALME — VOS AFFAIRES RESPIRENT	sans source	
ecrans-brennar-6.html	18	⑭	Rien ne presse — aucune semaine en vue.	sans source	
ecrans-brennar-6.html	18	⑭	La tension monte quand les problèmes s’accumulent sans réponse : montante, puis écrasante — et la semaine s’ouvre.	sans source	
ecrans-brennar-6.html	19	⑭	TENSION	sans source	
ecrans-brennar-6.html	19	⑭	ÉCRASANTE — 2 JOURS AVANT LA FIN	sans source	
ecrans-brennar-6.html	19	⑭	3	nombre	
ecrans-brennar-6.html	19	⑭	4	nombre	
ecrans-brennar-6.html	19	⑭	5	nombre	
ecrans-brennar-6.html	19	⑭	TROIS DÉCISIONS · PLUS QUE 2 JOURS	sans source	
ecrans-brennar-6.html	19	⑭	UNE EXCEPTION ATTEND DEPUIS TROP LONGTEMPS	sans source	
ecrans-brennar-6.html	19	⑭	sur Lt. Hara · traîne depuis la semaine dernière, un cran plus grave	sans source	
ecrans-brennar-6.html	19	⑭	Régler	sans source	
ecrans-brennar-6.html	19	⑭	Passer	sans source	
ecrans-brennar-6.html	19	⑭	UN NŒUD DE LA CHAÎNE SATURE	sans source	
ecrans-brennar-6.html	19	⑭	au lavomatic · se règle sur la chaîne	sans source	
ecrans-brennar-6.html	19	⑭	Passer	sans source	
ecrans-brennar-6.html	19	⑭	UN TRONÇON FATIGUE FAUTE D’ENTRETIEN	sans source	
ecrans-brennar-6.html	19	⑭	du labo au lavomatic	sans source	
ecrans-brennar-6.html	19	⑭	Régler	sans source	
ecrans-brennar-6.html	19	⑭	Passer	sans source	
ecrans-brennar-6.html	19	⑭	UN SIGNALEMENT N’A PAS ÉTÉ TRANCHÉ	sans source	
ecrans-brennar-6.html	19	⑭	réglée	sans source	
ecrans-brennar-6.html	19	⑭	UN CRÉNEAU DE LA PILE A RATÉ	sans source	
ecrans-brennar-6.html	19	⑭	passée	sans source	
ecrans-brennar-6.html	20	⑱	Le Bureau — tout le reste	sans source	
ecrans-brennar-6.html	20	⑱	Ce qui vous attend	sans source	
ecrans-brennar-6.html	20	⑱	Le registre du matin	sans source	
ecrans-brennar-6.html	20	⑱	3 signalements · 17 routines à confirmer	sans source	
ecrans-brennar-6.html	20	⑱	3	nombre	
ecrans-brennar-6.html	20	⑱	La planche d’ordres	sans source	
ecrans-brennar-6.html	20	⑱	5 ordres à ranger	sans source	
ecrans-brennar-6.html	20	⑱	5	nombre	
ecrans-brennar-6.html	20	⑱	Les télégrammes	sans source	
ecrans-brennar-6.html	20	⑱	deux rapports d’autonomie	sans source	
ecrans-brennar-6.html	20	⑱	2	nombre	
ecrans-brennar-6.html	20	⑱	La chaufferie	sans source	
ecrans-brennar-6.html	20	⑱	tension montante —	sans source	
ecrans-brennar-6.html	20	⑱	la semaine s’annonce : reporter, ou ouvrir	sans source	
ecrans-brennar-6.html	20	⑱	La ville	servi	exceptions.locuteur.la_ville
ecrans-brennar-6.html	20	⑱	Les inspections	sans source	
ecrans-brennar-6.html	20	⑱	par district	sans source	
ecrans-brennar-6.html	20	⑱	Les commissariats	sans source	
ecrans-brennar-6.html	20	⑱	six précincts	sans source	
ecrans-brennar-6.html	20	⑱	Le zinc — les inconnus	sans source	
ecrans-brennar-6.html	20	⑱	aucune conversation prête	sans source	
ecrans-brennar-6.html	20	⑱	Le coffre	sans source	
ecrans-brennar-6.html	20	⑱	Le coffre-fort	sans source	
ecrans-brennar-6.html	20	⑱	compte · réglages · boutique	sans source	
ecrans-brennar-6.html	20	⑱	Aide · À propos	sans source	
ecrans-brennar-6.html	21	⑱	Le Bureau — semaine en cours	sans source	
ecrans-brennar-6.html	21	⑱	Ce qui vous attend	sans source	
ecrans-brennar-6.html	21	⑱	La chaufferie	sans source	
ecrans-brennar-6.html	21	⑱	semaine en cours —	sans source	
ecrans-brennar-6.html	21	⑱	3 décisions restantes	sans source	
ecrans-brennar-6.html	21	⑱	3	nombre	
ecrans-brennar-6.html	21	⑱	Les télégrammes	sans source	
ecrans-brennar-6.html	21	⑱	un rapport d’autonomie	sans source	
ecrans-brennar-6.html	21	⑱	1	nombre	
ecrans-brennar-6.html	21	⑱	Le registre du matin	sans source	
ecrans-brennar-6.html	21	⑱	rien à signaler	servi	accueil.carte.rien_a_signaler
ecrans-brennar-6.html	21	⑱	La planche d’ordres	sans source	
ecrans-brennar-6.html	21	⑱	engagée — elle s’exécute	sans source	
ecrans-brennar-6.html	21	⑱	La ville	servi	exceptions.locuteur.la_ville
ecrans-brennar-6.html	21	⑱	Les inspections	sans source	
ecrans-brennar-6.html	21	⑱	par district	sans source	
ecrans-brennar-6.html	21	⑱	Les commissariats	sans source	
ecrans-brennar-6.html	21	⑱	six précincts	sans source	
ecrans-brennar-6.html	21	⑱	Le zinc — les inconnus	sans source	
ecrans-brennar-6.html	21	⑱	aucune conversation prête	sans source	
ecrans-brennar-6.html	21	⑱	Le coffre	sans source	
ecrans-brennar-6.html	21	⑱	Le coffre-fort	sans source	
ecrans-brennar-6.html	21	⑱	compte · réglages · boutique	sans source	
ecrans-brennar-6.html	21	⑱	Aide · À propos	sans source	
ecrans-brennar-6.html	22	③	LE PORT	servi	carte.tissu.le_port
ecrans-brennar-6.html	22	③	LE THRENNY	sans source	
ecrans-brennar-6.html	22	③	LES BASSINS	nom de fiction	
ecrans-brennar-6.html	22	③	QUAI-NORD	nom de fiction	
ecrans-brennar-6.html	22	③	SARNES	nom de fiction	
ecrans-brennar-6.html	22	③	LA COLONNE	nom de fiction	
ecrans-brennar-6.html	22	③	HAUTES-MARCHES	nom de fiction	
ecrans-brennar-6.html	22	③	VERRIER	nom de fiction	
ecrans-brennar-6.html	22	③	SAINT-BRAND	nom de fiction	
ecrans-brennar-6.html	22	③	LES ENTREPÔTS	nom de fiction	
ecrans-brennar-6.html	22	③	DÉPÔT-EST	nom de fiction	
ecrans-brennar-6.html	22	③	LE TREILLIS	nom de fiction	
ecrans-brennar-6.html	22	③	MARNE-BASSE	nom de fiction	
ecrans-brennar-6.html	22	③	LE VERRE	nom de fiction	
ecrans-brennar-6.html	22	③	ORSEL	nom de fiction	
ecrans-brennar-6.html	22	③	PLACE DES COMPTES	nom de fiction	
ecrans-brennar-6.html	22	③	LA LISIÈRE	nom de fiction	
ecrans-brennar-6.html	22	③	LA CHANCELLERIE	nom de fiction	
ecrans-brennar-6.html	22	③	LES FRICHES	nom de fiction	
ecrans-brennar-6.html	22	③	PONT-GRIS	nom de fiction	
ecrans-brennar-6.html	22	③	1	nombre	
ecrans-brennar-6.html	22	③	CHASSE	sans source	
ecrans-brennar-6.html	22	③	2	nombre	
ecrans-brennar-6.html	22	③	CHASSE	sans source	
ecrans-brennar-6.html	22	③	3	nombre	
ecrans-brennar-6.html	22	③	CHASSE	sans source	
ecrans-brennar-6.html	22	③	4	nombre	
ecrans-brennar-6.html	22	③	SOUPÇON	servi	police.bloc.soupcon
ecrans-brennar-6.html	22	③	5	nombre	
ecrans-brennar-6.html	22	③	VEILLE	sans source	
ecrans-brennar-6.html	22	③	6	nombre	
ecrans-brennar-6.html	22	③	CHASSE	sans source	
ecrans-brennar-6.html	22	③	VOUS ÊTES ICI · ⌂ 4	sans source	
ecrans-brennar-6.html	22	③	N	sans source	
ecrans-brennar-6.html	22	③	Brennar, la nuit — deux rives, dix-huit quartiers · pincez pour approcher, touchez un quartier	sans source	
ecrans-brennar-6.html	23	③	LE PORT	servi	carte.tissu.le_port
ecrans-brennar-6.html	23	③	LE THRENNY	sans source	
ecrans-brennar-6.html	23	③	LES BASSINS	nom de fiction	
ecrans-brennar-6.html	23	③	QUAI-NORD	nom de fiction	
ecrans-brennar-6.html	23	③	SARNES	nom de fiction	
ecrans-brennar-6.html	23	③	LA COLONNE	nom de fiction	
ecrans-brennar-6.html	23	③	HAUTES-MARCHES	nom de fiction	
ecrans-brennar-6.html	23	③	VERRIER	nom de fiction	
ecrans-brennar-6.html	23	③	SAINT-BRAND	nom de fiction	
ecrans-brennar-6.html	23	③	LES ENTREPÔTS	nom de fiction	
ecrans-brennar-6.html	23	③	DÉPÔT-EST	nom de fiction	
ecrans-brennar-6.html	23	③	LE TREILLIS	nom de fiction	
ecrans-brennar-6.html	23	③	MARNE-BASSE	nom de fiction	
ecrans-brennar-6.html	23	③	LE VERRE	nom de fiction	
ecrans-brennar-6.html	23	③	ORSEL	nom de fiction	
ecrans-brennar-6.html	23	③	PLACE DES COMPTES	nom de fiction	
ecrans-brennar-6.html	23	③	LA LISIÈRE	nom de fiction	
ecrans-brennar-6.html	23	③	LA CHANCELLERIE	nom de fiction	
ecrans-brennar-6.html	23	③	LES FRICHES	nom de fiction	
ecrans-brennar-6.html	23	③	PONT-GRIS	nom de fiction	
ecrans-brennar-6.html	23	③	1	nombre	
ecrans-brennar-6.html	23	③	CHASSE	sans source	
ecrans-brennar-6.html	23	③	2	nombre	
ecrans-brennar-6.html	23	③	CHASSE	sans source	
ecrans-brennar-6.html	23	③	3	nombre	
ecrans-brennar-6.html	23	③	CHASSE	sans source	
ecrans-brennar-6.html	23	③	4	nombre	
ecrans-brennar-6.html	23	③	SOUPÇON	servi	police.bloc.soupcon
ecrans-brennar-6.html	23	③	5	nombre	
ecrans-brennar-6.html	23	③	VEILLE	sans source	
ecrans-brennar-6.html	23	③	6	nombre	
ecrans-brennar-6.html	23	③	CHASSE	sans source	
ecrans-brennar-6.html	23	③	VOUS ÊTES ICI · ⌂ 4	sans source	
ecrans-brennar-6.html	23	③	N	sans source	
ecrans-brennar-6.html	23	③	Les Bassins	nom de fiction	
ecrans-brennar-6.html	23	③	rive nord · le port · 37 blocs ·	sans source	
ecrans-brennar-6.html	23	③	tiède	servi	heat.bucket.warm
ecrans-brennar-6.html	23	③	· ⚑ descente en cours · précinct 1 en chasse	sans source	
ecrans-brennar-6.html	23	③	ENTRER	servi	carte.bloc.entrer
ecrans-brennar-6.html	23	③	dans le quartier	fragment servi	
ecrans-brennar-6.html	24	③	LE PORT	servi	carte.tissu.le_port
ecrans-brennar-6.html	24	③	LE THRENNY	sans source	
ecrans-brennar-6.html	24	③	LES BASSINS	nom de fiction	
ecrans-brennar-6.html	24	③	QUAI-NORD	nom de fiction	
ecrans-brennar-6.html	24	③	SARNES	nom de fiction	
ecrans-brennar-6.html	24	③	LA COLONNE	nom de fiction	
ecrans-brennar-6.html	24	③	HAUTES-MARCHES	nom de fiction	
ecrans-brennar-6.html	24	③	VERRIER	nom de fiction	
ecrans-brennar-6.html	24	③	SAINT-BRAND	nom de fiction	
ecrans-brennar-6.html	24	③	LES ENTREPÔTS	nom de fiction	
ecrans-brennar-6.html	24	③	DÉPÔT-EST	nom de fiction	
ecrans-brennar-6.html	24	③	LE TREILLIS	nom de fiction	
ecrans-brennar-6.html	24	③	MARNE-BASSE	nom de fiction	
ecrans-brennar-6.html	24	③	LE VERRE	nom de fiction	
ecrans-brennar-6.html	24	③	ORSEL	nom de fiction	
ecrans-brennar-6.html	24	③	PLACE DES COMPTES	nom de fiction	
ecrans-brennar-6.html	24	③	LA LISIÈRE	nom de fiction	
ecrans-brennar-6.html	24	③	LA CHANCELLERIE	nom de fiction	
ecrans-brennar-6.html	24	③	LES FRICHES	nom de fiction	
ecrans-brennar-6.html	24	③	PONT-GRIS	nom de fiction	
ecrans-brennar-6.html	24	③	1	nombre	
ecrans-brennar-6.html	24	③	CHASSE	sans source	
ecrans-brennar-6.html	24	③	2	nombre	
ecrans-brennar-6.html	24	③	CHASSE	sans source	
ecrans-brennar-6.html	24	③	3	nombre	
ecrans-brennar-6.html	24	③	CHASSE	sans source	
ecrans-brennar-6.html	24	③	4	nombre	
ecrans-brennar-6.html	24	③	SOUPÇON	servi	police.bloc.soupcon
ecrans-brennar-6.html	24	③	5	nombre	
ecrans-brennar-6.html	24	③	VEILLE	sans source	
ecrans-brennar-6.html	24	③	6	nombre	
ecrans-brennar-6.html	24	③	CHASSE	sans source	
ecrans-brennar-6.html	24	③	N	sans source	
ecrans-brennar-6.html	24	③	La Lisière — chez vous	servi	composé : nom de fiction + exceptions.bloc.chez_enseigne
ecrans-brennar-6.html	24	③	rive sud · 40 blocs · froid ·	sans source	
ecrans-brennar-6.html	24	③	4 bâtiments	sans source	
ecrans-brennar-6.html	24	③	: le labo, la planque, la façade, la banque · précinct 6 en chasse	sans source	
ecrans-brennar-6.html	24	③	ENTRER	servi	carte.bloc.entrer
ecrans-brennar-6.html	24	③	dans le district	sans source	
ecrans-brennar-6.html	25	㉔	BIP	sans source	
ecrans-brennar-6.html	25	㉔	B R E N N A R · G S M	sans source	
ecrans-brennar-6.html	25	㉔	MESSAGES 2	sans source	
ecrans-brennar-6.html	25	㉔	LT. KANE	nom de fiction	
ecrans-brennar-6.html	25	㉔	CE CYCLE	sans source	
ecrans-brennar-6.html	25	㉔	A REFUSE DE CUISINER. MARGE EPUISEE.	sans source	
ecrans-brennar-6.html	25	㉔	LT. MARR	nom de fiction	
ecrans-brennar-6.html	25	㉔	CE CYCLE	sans source	
ecrans-brennar-6.html	25	㉔	A REFUSE D EXPEDIER. MARGE EPUISEE.	sans source	
ecrans-brennar-6.html	25	㉔	▲▼ CHOISIR · OK LIRE	sans source	
ecrans-brennar-6.html	25	㉔	LIRE	servi	chrome.bandeau.lire
ecrans-brennar-6.html	25	㉔	OK	sans source	
ecrans-brennar-6.html	25	㉔	OPTIONS	sans source	
ecrans-brennar-6.html	25	㉔	1	nombre	
ecrans-brennar-6.html	25	㉔	2	nombre	
ecrans-brennar-6.html	25	㉔	3	nombre	
ecrans-brennar-6.html	25	㉔	4	nombre	
ecrans-brennar-6.html	25	㉔	5	nombre	
ecrans-brennar-6.html	25	㉔	6	nombre	
ecrans-brennar-6.html	25	㉔	7	nombre	
ecrans-brennar-6.html	25	㉔	8	nombre	
ecrans-brennar-6.html	25	㉔	9	nombre	
ecrans-brennar-6.html	25	㉔	0	nombre	
ecrans-brennar-6.html	26	㉔	B R E N N A R · G S M	sans source	
ecrans-brennar-6.html	26	㉔	DE LT. KANE	sans source	
ecrans-brennar-6.html	26	㉔	CE CYCLE	sans source	
ecrans-brennar-6.html	26	㉔	PRODUCTION.	sans source	
ecrans-brennar-6.html	26	㉔	A REFUSE DE CUISINER.	sans source	
ecrans-brennar-6.html	26	㉔	MARGE EPUISEE.	sans source	
ecrans-brennar-6.html	26	㉔	QUE DOIS-JE FAIRE ?	sans source	
ecrans-brennar-6.html	26	㉔	SA MARGE	sans source	
ecrans-brennar-6.html	26	㉔	PROD	sans source	
ecrans-brennar-6.html	26	㉔	LOGI	sans source	
ecrans-brennar-6.html	26	㉔	SECU	sans source	
ecrans-brennar-6.html	26	㉔	CPTE	sans source	
ecrans-brennar-6.html	26	㉔	1	nombre	
ecrans-brennar-6.html	26	㉔	CUISINER MAINTENANT	servi	autonomy.cook.now
ecrans-brennar-6.html	26	㉔	consequence minime	sans source	
ecrans-brennar-6.html	26	㉔	2	nombre	
ecrans-brennar-6.html	26	㉔	AFFINER D ABORD	sans source	
ecrans-brennar-6.html	26	㉔	un compromis	servi	autonomie.etat.un_compromis
ecrans-brennar-6.html	26	㉔	TAPEZ	sans source	
ecrans-brennar-6.html	26	㉔	1	nombre	
ecrans-brennar-6.html	26	㉔	OU	sans source	
ecrans-brennar-6.html	26	㉔	2	nombre	
ecrans-brennar-6.html	26	㉔	ENVOYER	sans source	
ecrans-brennar-6.html	26	㉔	OK	sans source	
ecrans-brennar-6.html	26	㉔	OPTIONS	sans source	
ecrans-brennar-6.html	26	㉔	1	nombre	
ecrans-brennar-6.html	26	㉔	2	nombre	
ecrans-brennar-6.html	26	㉔	3	nombre	
ecrans-brennar-6.html	26	㉔	4	nombre	
ecrans-brennar-6.html	26	㉔	5	nombre	
ecrans-brennar-6.html	26	㉔	6	nombre	
ecrans-brennar-6.html	26	㉔	7	nombre	
ecrans-brennar-6.html	26	㉔	8	nombre	
ecrans-brennar-6.html	26	㉔	9	nombre	
ecrans-brennar-6.html	26	㉔	0	nombre	
ecrans-brennar-6.html	27	㉔	BIP	sans source	
ecrans-brennar-6.html	27	㉔	B R E N N A R · G S M	sans source	
ecrans-brennar-6.html	27	㉔	MESSAGES 3	sans source	
ecrans-brennar-6.html	27	㉔	LT. KANE	nom de fiction	
ecrans-brennar-6.html	27	㉔	3 CYCLES	sans source	
ecrans-brennar-6.html	27	㉔	A REFUSE DE CUISINER. MARGE EPUISEE.	sans source	
ecrans-brennar-6.html	27	㉔	! SANS REPONSE,	sans source	
ecrans-brennar-6.html	27	㉔	1	nombre	
ecrans-brennar-6.html	27	㉔	S APPLIQUERA SEULE	sans source	
ecrans-brennar-6.html	27	㉔	LT. KANE	nom de fiction	
ecrans-brennar-6.html	27	㉔	2 CYCLES	sans source	
ecrans-brennar-6.html	27	㉔	A REFUSE DE CUISINER. MARGE EPUISEE.	sans source	
ecrans-brennar-6.html	27	㉔	LT. KANE	nom de fiction	
ecrans-brennar-6.html	27	㉔	1 CYCLE	sans source	
ecrans-brennar-6.html	27	㉔	A REFUSE DE CUISINER. MARGE EPUISEE.	sans source	
ecrans-brennar-6.html	27	㉔	LA MEME PERSONNE, CHAQUE CYCLE	sans source	
ecrans-brennar-6.html	27	㉔	LIRE	servi	chrome.bandeau.lire
ecrans-brennar-6.html	27	㉔	OK	sans source	
ecrans-brennar-6.html	27	㉔	OPTIONS	sans source	
ecrans-brennar-6.html	27	㉔	1	nombre	
ecrans-brennar-6.html	27	㉔	2	nombre	
ecrans-brennar-6.html	27	㉔	3	nombre	
ecrans-brennar-6.html	27	㉔	4	nombre	
ecrans-brennar-6.html	27	㉔	5	nombre	
ecrans-brennar-6.html	27	㉔	6	nombre	
ecrans-brennar-6.html	27	㉔	7	nombre	
ecrans-brennar-6.html	27	㉔	8	nombre	
ecrans-brennar-6.html	27	㉔	9	nombre	
ecrans-brennar-6.html	27	㉔	0	nombre	
ecrans-brennar-6.html	28	㉔	B R E N N A R · G S M	sans source	
ecrans-brennar-6.html	28	㉔	OPTIONS · CUISINIER	sans source	
ecrans-brennar-6.html	28	㉔	1	nombre	
ecrans-brennar-6.html	28	㉔	LUI RENDRE SA MARGE	servi	famille.ecran.lui_rendre_sa_marge
ecrans-brennar-6.html	28	㉔	il repart la fenetre pleine	sans source	
ecrans-brennar-6.html	28	㉔	2	nombre	
ecrans-brennar-6.html	28	㉔	LUI ELARGIR SA MARGE	sans source	
ecrans-brennar-6.html	28	㉔	pour de bon · DECISION STRUCTURELLE	sans source	
ecrans-brennar-6.html	28	㉔	3	nombre	
ecrans-brennar-6.html	28	㉔	LAISSER PASSER CELLE-CI	servi	famille.ecran.laisser_passer_celle_ci
ecrans-brennar-6.html	28	㉔	une fois, sans toucher la regle	sans source	
ecrans-brennar-6.html	28	㉔	0	nombre	
ecrans-brennar-6.html	28	㉔	RETOUR AU MESSAGE	sans source	
ecrans-brennar-6.html	28	㉔	CHOISIR	sans source	
ecrans-brennar-6.html	28	㉔	OK	sans source	
ecrans-brennar-6.html	28	㉔	RETOUR	servi	exception_detail.bloc.back
ecrans-brennar-6.html	28	㉔	1	nombre	
ecrans-brennar-6.html	28	㉔	2	nombre	
ecrans-brennar-6.html	28	㉔	3	nombre	
ecrans-brennar-6.html	28	㉔	4	nombre	
ecrans-brennar-6.html	28	㉔	5	nombre	
ecrans-brennar-6.html	28	㉔	6	nombre	
ecrans-brennar-6.html	28	㉔	7	nombre	
ecrans-brennar-6.html	28	㉔	8	nombre	
ecrans-brennar-6.html	28	㉔	9	nombre	
ecrans-brennar-6.html	28	㉔	0	nombre	
ecrans-brennar-6.html	29	㉔	B R E N N A R · G S M	sans source	
ecrans-brennar-6.html	29	㉔	DE LT. MARR	sans source	
ecrans-brennar-6.html	29	㉔	CE CYCLE	sans source	
ecrans-brennar-6.html	29	㉔	A REFUSE D EXPEDIER.	sans source	
ecrans-brennar-6.html	29	㉔	QUE DOIS-JE FAIRE ?	sans source	
ecrans-brennar-6.html	29	㉔	ENVOYE	sans source	
ecrans-brennar-6.html	29	㉔	2	nombre	
ecrans-brennar-6.html	29	㉔	REPONSE	sans source	
ecrans-brennar-6.html	29	㉔	LE CHARGEMENT ATTEND.	sans source	
ecrans-brennar-6.html	29	㉔	MESSAGE SUIVANT ▼	sans source	
ecrans-brennar-6.html	29	㉔	SUIVANT	sans source	
ecrans-brennar-6.html	29	㉔	OK	sans source	
ecrans-brennar-6.html	29	㉔	OPTIONS	sans source	
ecrans-brennar-6.html	29	㉔	1	nombre	
ecrans-brennar-6.html	29	㉔	2	nombre	
ecrans-brennar-6.html	29	㉔	3	nombre	
ecrans-brennar-6.html	29	㉔	4	nombre	
ecrans-brennar-6.html	29	㉔	5	nombre	
ecrans-brennar-6.html	29	㉔	6	nombre	
ecrans-brennar-6.html	29	㉔	7	nombre	
ecrans-brennar-6.html	29	㉔	8	nombre	
ecrans-brennar-6.html	29	㉔	9	nombre	
ecrans-brennar-6.html	29	㉔	0	nombre	
ecrans-brennar-6.html	30	㉔	B R E N N A R · G S M	sans source	
ecrans-brennar-6.html	30	㉔	MESSAGES 0	sans source	
ecrans-brennar-6.html	30	㉔	AUCUN MESSAGE	sans source	
ecrans-brennar-6.html	30	㉔	VOS LIEUTENANTS AGISSENT	sans source	
ecrans-brennar-6.html	30	㉔	DANS LEUR MARGE	sans source	
ecrans-brennar-6.html	30	㉔	OK	sans source	
ecrans-brennar-6.html	30	㉔	OPTIONS	sans source	
ecrans-brennar-6.html	30	㉔	1	nombre	
ecrans-brennar-6.html	30	㉔	2	nombre	
ecrans-brennar-6.html	30	㉔	3	nombre	
ecrans-brennar-6.html	30	㉔	4	nombre	
ecrans-brennar-6.html	30	㉔	5	nombre	
ecrans-brennar-6.html	30	㉔	6	nombre	
ecrans-brennar-6.html	30	㉔	7	nombre	
ecrans-brennar-6.html	30	㉔	8	nombre	
ecrans-brennar-6.html	30	㉔	9	nombre	
ecrans-brennar-6.html	30	㉔	0	nombre	
ecrans-brennar-6.html	31	⑮·⑰	CE QU’ILS SAVENT	sans source	
ecrans-brennar-6.html	31	⑮·⑰	six commissariats · relevé de nos guetteurs	sans source	
ecrans-brennar-6.html	31	⑮·⑰	PRÉCINCT 1	sans source	
ecrans-brennar-6.html	31	⑮·⑰	Les Bassins·2·3	sans source	
ecrans-brennar-6.html	31	⑮·⑰	EN CHASSE	servi	police.bloc.en_chasse
ecrans-brennar-6.html	31	⑮·⑰	patrouilles	sans source	
ecrans-brennar-6.html	31	⑮·⑰	descente il y a 3 jours — bloc 47	sans source	
ecrans-brennar-6.html	31	⑮·⑰	PRÉCINCT 2	sans source	
ecrans-brennar-6.html	31	⑮·⑰	La Colonne·B·C	sans source	
ecrans-brennar-6.html	31	⑮·⑰	EN CHASSE	servi	police.bloc.en_chasse
ecrans-brennar-6.html	31	⑮·⑰	patrouilles	sans source	
ecrans-brennar-6.html	31	⑮·⑰	PRÉCINCT 3	sans source	
ecrans-brennar-6.html	31	⑮·⑰	Saint-Brand · Les Entrepôts·2	sans source	
ecrans-brennar-6.html	31	⑮·⑰	EN CHASSE	servi	police.bloc.en_chasse
ecrans-brennar-6.html	31	⑮·⑰	patrouilles	sans source	
ecrans-brennar-6.html	31	⑮·⑰	PRÉCINCT 4	sans source	
ecrans-brennar-6.html	31	⑮·⑰	Le Treillis·B·C	sans source	
ecrans-brennar-6.html	31	⑮·⑰	SOUPÇON	servi	police.bloc.soupcon
ecrans-brennar-6.html	31	⑮·⑰	patrouilles	sans source	
ecrans-brennar-6.html	31	⑮·⑰	PRÉCINCT 5	sans source	
ecrans-brennar-6.html	31	⑮·⑰	Le Verre·2·3	sans source	
ecrans-brennar-6.html	31	⑮·⑰	EN VEILLE	servi	police.bloc.en_veille
ecrans-brennar-6.html	31	⑮·⑰	patrouilles	sans source	
ecrans-brennar-6.html	31	⑮·⑰	PRÉCINCT 6	sans source	
ecrans-brennar-6.html	31	⑮·⑰	La Lisière·B·C	sans source	
ecrans-brennar-6.html	31	⑮·⑰	EN CHASSE	servi	police.bloc.en_chasse
ecrans-brennar-6.html	31	⑮·⑰	patrouilles	sans source	
ecrans-brennar-6.html	31	⑮·⑰	vos quatre bâtiments sont ici	sans source	
ecrans-brennar-6.html	31	⑮·⑰	Quatre d’entre eux vous chassent —	sans source	
ecrans-brennar-6.html	31	⑮·⑰	aucun ne dort	sans source	
ecrans-brennar-6.html	32	⑮·⑰	BPD · REGISTRE DE DISPATCH	sans source	
ecrans-brennar-6.html	32	⑮·⑰	12H · JOUR 26	servi	composé : nombre + nombre
ecrans-brennar-6.html	32	⑮·⑰	DISTRICT	sans source	
ecrans-brennar-6.html	32	⑮·⑰	N	sans source	
ecrans-brennar-6.html	32	⑮·⑰	CHARGE	sans source	
ecrans-brennar-6.html	32	⑮·⑰	REGIME	sans source	
ecrans-brennar-6.html	32	⑮·⑰	ORIGINES	sans source	
ecrans-brennar-6.html	32	⑮·⑰	LES BASSINS	nom de fiction	
ecrans-brennar-6.html	32	⑮·⑰	3	nombre	
ecrans-brennar-6.html	32	⑮·⑰	LEGERE	sans source	
ecrans-brennar-6.html	32	⑮·⑰	NOMINAL	sans source	
ecrans-brennar-6.html	32	⑮·⑰	PROGRAMMEE ▓▓▓ INDIC ▓	sans source	
ecrans-brennar-6.html	32	⑮·⑰	QUAI-NORD	nom de fiction	
ecrans-brennar-6.html	32	⑮·⑰	0	nombre	
ecrans-brennar-6.html	32	⑮·⑰	VIDE	servi	vente.bloc.vide building.held.none
ecrans-brennar-6.html	32	⑮·⑰	NOMINAL	sans source	
ecrans-brennar-6.html	32	⑮·⑰	SARNES	nom de fiction	
ecrans-brennar-6.html	32	⑮·⑰	1	nombre	
ecrans-brennar-6.html	32	⑮·⑰	LEGERE	sans source	
ecrans-brennar-6.html	32	⑮·⑰	NOMINAL	sans source	
ecrans-brennar-6.html	32	⑮·⑰	PROGRAMMEE ▓	sans source	
ecrans-brennar-6.html	32	⑮·⑰	LA COLONNE	nom de fiction	
ecrans-brennar-6.html	32	⑮·⑰	0	nombre	
ecrans-brennar-6.html	32	⑮·⑰	VIDE	servi	vente.bloc.vide building.held.none
ecrans-brennar-6.html	32	⑮·⑰	NOMINAL	sans source	
ecrans-brennar-6.html	32	⑮·⑰	HAUTES-MARCHES	nom de fiction	
ecrans-brennar-6.html	32	⑮·⑰	4	nombre	
ecrans-brennar-6.html	32	⑮·⑰	LEGERE	sans source	
ecrans-brennar-6.html	32	⑮·⑰	ARRIERE	sans source	
ecrans-brennar-6.html	32	⑮·⑰	PROGRAMMEE ▓▓ FORENSIQUE ▓▓	sans source	
ecrans-brennar-6.html	32	⑮·⑰	VERRIER	nom de fiction	
ecrans-brennar-6.html	32	⑮·⑰	0	nombre	
ecrans-brennar-6.html	32	⑮·⑰	VIDE	servi	vente.bloc.vide building.held.none
ecrans-brennar-6.html	32	⑮·⑰	NOMINAL	sans source	
ecrans-brennar-6.html	32	⑮·⑰	SAINT-BRAND	nom de fiction	
ecrans-brennar-6.html	32	⑮·⑰	1	nombre	
ecrans-brennar-6.html	32	⑮·⑰	LEGERE	sans source	
ecrans-brennar-6.html	32	⑮·⑰	NOMINAL	sans source	
ecrans-brennar-6.html	32	⑮·⑰	CASCADE ▓	sans source	
ecrans-brennar-6.html	32	⑮·⑰	LE TREILLIS	nom de fiction	
ecrans-brennar-6.html	32	⑮·⑰	0	nombre	
ecrans-brennar-6.html	32	⑮·⑰	VIDE	servi	vente.bloc.vide building.held.none
ecrans-brennar-6.html	32	⑮·⑰	NOMINAL	sans source	
ecrans-brennar-6.html	32	⑮·⑰	MARNE-BASSE	nom de fiction	
ecrans-brennar-6.html	32	⑮·⑰	2	nombre	
ecrans-brennar-6.html	32	⑮·⑰	LEGERE	sans source	
ecrans-brennar-6.html	32	⑮·⑰	NOMINAL	sans source	
ecrans-brennar-6.html	32	⑮·⑰	PROGRAMMEE ▓▓	sans source	
ecrans-brennar-6.html	32	⑮·⑰	ORSEL	nom de fiction	
ecrans-brennar-6.html	32	⑮·⑰	0	nombre	
ecrans-brennar-6.html	32	⑮·⑰	VIDE	servi	vente.bloc.vide building.held.none
ecrans-brennar-6.html	32	⑮·⑰	NOMINAL	sans source	
ecrans-brennar-6.html	32	⑮·⑰	LES ENTREPÔTS	nom de fiction	
ecrans-brennar-6.html	32	⑮·⑰	0	nombre	
ecrans-brennar-6.html	32	⑮·⑰	VIDE	servi	vente.bloc.vide building.held.none
ecrans-brennar-6.html	32	⑮·⑰	NOMINAL	sans source	
ecrans-brennar-6.html	32	⑮·⑰	DÉPÔT-EST	nom de fiction	
ecrans-brennar-6.html	32	⑮·⑰	1	nombre	
ecrans-brennar-6.html	32	⑮·⑰	LEGERE	sans source	
ecrans-brennar-6.html	32	⑮·⑰	NOMINAL	sans source	
ecrans-brennar-6.html	32	⑮·⑰	INDIC ▓	sans source	
ecrans-brennar-6.html	32	⑮·⑰	LE VERRE	nom de fiction	
ecrans-brennar-6.html	32	⑮·⑰	0	nombre	
ecrans-brennar-6.html	32	⑮·⑰	VIDE	servi	vente.bloc.vide building.held.none
ecrans-brennar-6.html	32	⑮·⑰	NOMINAL	sans source	
ecrans-brennar-6.html	32	⑮·⑰	PLACE DES COMPTES	nom de fiction	
ecrans-brennar-6.html	32	⑮·⑰	0	nombre	
ecrans-brennar-6.html	32	⑮·⑰	VIDE	servi	vente.bloc.vide building.held.none
ecrans-brennar-6.html	32	⑮·⑰	NOMINAL	sans source	
ecrans-brennar-6.html	32	⑮·⑰	LA CHANCELLERIE	nom de fiction	
ecrans-brennar-6.html	32	⑮·⑰	1	nombre	
ecrans-brennar-6.html	32	⑮·⑰	LEGERE	sans source	
ecrans-brennar-6.html	32	⑮·⑰	NOMINAL	sans source	
ecrans-brennar-6.html	32	⑮·⑰	PROGRAMMEE ▓	sans source	
ecrans-brennar-6.html	32	⑮·⑰	LA LISIÈRE	nom de fiction	
ecrans-brennar-6.html	32	⑮·⑰	3	nombre	
ecrans-brennar-6.html	32	⑮·⑰	LEGERE	sans source	
ecrans-brennar-6.html	32	⑮·⑰	NOMINAL	sans source	
ecrans-brennar-6.html	32	⑮·⑰	PROGRAMMEE ▓▓ FORENSIQUE ▓	sans source	
ecrans-brennar-6.html	32	⑮·⑰	LES FRICHES	nom de fiction	
ecrans-brennar-6.html	32	⑮·⑰	0	nombre	
ecrans-brennar-6.html	32	⑮·⑰	VIDE	servi	vente.bloc.vide building.held.none
ecrans-brennar-6.html	32	⑮·⑰	NOMINAL	sans source	
ecrans-brennar-6.html	32	⑮·⑰	PONT-GRIS	nom de fiction	
ecrans-brennar-6.html	32	⑮·⑰	0	nombre	
ecrans-brennar-6.html	32	⑮·⑰	VIDE	servi	vente.bloc.vide building.held.none
ecrans-brennar-6.html	32	⑮·⑰	NOMINAL	sans source	
ecrans-brennar-6.html	32	⑮·⑰	18 DISTRICTS · TOUT OU RIEN : LA POLICE OUVRE SES FILES PARTOUT À LA FOIS	sans source	
ecrans-brennar-6.html	33	⑮·⑰	LE COUP FOURRÉ	sans source	
ecrans-brennar-6.html	33	⑮·⑰	on leur donne un os à ronger	sans source	
ecrans-brennar-6.html	33	⑮·⑰	DÉPOSER UN SIGNALEMENT	sans source	
ecrans-brennar-6.html	33	⑮·⑰	SUR	sans source	
ecrans-brennar-6.html	33	⑮·⑰	un bâtiment de La Lisière	sans source	
ecrans-brennar-6.html	33	⑮·⑰	PRIX	sans source	
ecrans-brennar-6.html	33	⑮·⑰	50	nombre	
ecrans-brennar-6.html	33	⑮·⑰	annoncé par le serveur — rien n’est débité aujourd’hui	sans source	
ecrans-brennar-6.html	33	⑮·⑰	EFFET	sans source	
ecrans-brennar-6.html	33	⑮·⑰	une entrée de plus dans leur file	sans source	
ecrans-brennar-6.html	33	⑮·⑰	DÉPOSER	sans source	
ecrans-brennar-6.html	33	⑮·⑰	⚠ au bout de plusieurs, la police se retourne	sans source	
ecrans-brennar-6.html	34	⑮·⑰	LE RETOUR DE BÂTON	sans source	
ecrans-brennar-6.html	34	⑮·⑰	ils ont compris	sans source	
ecrans-brennar-6.html	34	⑮·⑰	PRÉCINCT 6	sans source	
ecrans-brennar-6.html	34	⑮·⑰	La Lisière·B·C	sans source	
ecrans-brennar-6.html	34	⑮·⑰	EN CHASSE	servi	police.bloc.en_chasse
ecrans-brennar-6.html	34	⑮·⑰	patrouilles	sans source	
ecrans-brennar-6.html	34	⑮·⑰	ils ont compris que les signalements venaient de vous	sans source	
ecrans-brennar-6.html	34	⑮·⑰	RETOURNÉE	sans source	
ecrans-brennar-6.html	34	⑮·⑰	Le huitième signalement a fait basculer la police.	sans source	
ecrans-brennar-6.html	34	⑮·⑰	Elle vous rend la monnaie	sans source	
ecrans-brennar-6.html	34	⑮·⑰	— huit fois.	sans source	
ecrans-brennar-6.html	34	⑮·⑰	8	nombre	
ecrans-brennar-6.html	34	⑮·⑰	représailles restantes ·	sans source	
ecrans-brennar-6.html	34	⑮·⑰	9	nombre	
ecrans-brennar-6.html	34	⑮·⑰	dépôts dans la fenêtre	sans source	
ecrans-brennar-6.html	35	⑮·⑰	LEURS DESCENTES	sans source	
ecrans-brennar-6.html	35	⑮·⑰	ce que le back sait déjà et ne dit pas	sans source	
ecrans-brennar-6.html	35	⑮·⑰	PRÉCINCT 1	sans source	
ecrans-brennar-6.html	35	⑮·⑰	Les Quais 1·2·3	sans source	
ecrans-brennar-6.html	35	⑮·⑰	EN CHASSE	servi	police.bloc.en_chasse
ecrans-brennar-6.html	35	⑮·⑰	patrouilles	sans source	
ecrans-brennar-6.html	35	⑮·⑰	DESCENTE · il y a 3 jours · bloc 47 · aucun blessé	sans source	
ecrans-brennar-6.html	35	⑮·⑰	PRÉCINCT 6	sans source	
ecrans-brennar-6.html	35	⑮·⑰	Le La Lisière·B·C	sans source	
ecrans-brennar-6.html	35	⑮·⑰	EN CHASSE	servi	police.bloc.en_chasse
ecrans-brennar-6.html	35	⑮·⑰	patrouilles	sans source	
ecrans-brennar-6.html	35	⑮·⑰	DESCENTE · hier · votre entrepôt ·	sans source	
ecrans-brennar-6.html	35	⑮·⑰	à réparer	sans source	
ecrans-brennar-6.html	35	⑮·⑰	Avec les lots : les districts sous chaque commissariat, l’historique des descentes, et l’état de représailles qui reste affiché tant qu’il dure.	sans source	
ecrans-brennar-6.html	36	②	KESTREL 4	sans source	
ecrans-brennar-6.html	36	②	RÉCOLTE	sans source	
ecrans-brennar-6.html	36	②	VIGOUREUSE	sans source	
ecrans-brennar-6.html	36	②	MARSH BLUE	sans source	
ecrans-brennar-6.html	36	②	FLORAISON	sans source	
ecrans-brennar-6.html	36	②	À SOIGNER	sans source	
ecrans-brennar-6.html	36	②	PALE 9	sans source	
ecrans-brennar-6.html	36	②	CROISSANCE	sans source	
ecrans-brennar-6.html	36	②	À SOIGNER	sans source	
ecrans-brennar-6.html	37	②	HOLLOW 2	sans source	
ecrans-brennar-6.html	37	②	FLORAISON	sans source	
ecrans-brennar-6.html	37	②	VIGOUREUSE	sans source	
ecrans-brennar-6.html	37	②	TIDEWAY	sans source	
ecrans-brennar-6.html	37	②	RÉCOLTE	sans source	
ecrans-brennar-6.html	37	②	VIGOUREUSE	sans source	
ecrans-brennar-6.html	37	②	GRAY ELM	sans source	
ecrans-brennar-6.html	37	②	FLORAISON	sans source	
ecrans-brennar-6.html	37	②	CORRECTE	sans source	
ecrans-brennar-6.html	38	②	PALE 9	sans source	
ecrans-brennar-6.html	38	②	CROISSANCE	sans source	
ecrans-brennar-6.html	38	②	À SOIGNER	sans source	
ecrans-brennar-6.html	38	②	ROOK 1	sans source	
ecrans-brennar-6.html	38	②	BOUTURE	sans source	
ecrans-brennar-6.html	38	②	À SOIGNER	sans source	
ecrans-brennar-6.html	38	②	COLD SNAP	sans source	
ecrans-brennar-6.html	38	②	FLORAISON	sans source	
ecrans-brennar-6.html	38	②	À SOIGNER	sans source	
ecrans-brennar-6.html	39	②	Lt. Kane	nom de fiction	
ecrans-brennar-6.html	39	②	le cuisinier · J14	sans source	
ecrans-brennar-6.html	39	②	« J’ai tiré le dernier bidon cette nuit — l’étagère est vide. Sans pyralin, je ne rallume pas. »	sans source	
ecrans-brennar-6.html	39	②	le feu	sans source	
ecrans-brennar-6.html	39	②	l’étagère	sans source	
ecrans-brennar-6.html	39	②	les caisses	sans source	
ecrans-brennar-6.html	39	②	COMMANDER DU PYRALIN	sans source	
ecrans-brennar-6.html	39	②	il en faut avant de rallumer	sans source	
ecrans-brennar-6.html	40	②	Lt. Kane	nom de fiction	
ecrans-brennar-6.html	40	②	le cuisinier · J14	sans source	
ecrans-brennar-6.html	40	②	« L’étagère est refaite. Dites-moi combien de passes, et j’allume. »	sans source	
ecrans-brennar-6.html	40	②	le feu	sans source	
ecrans-brennar-6.html	40	②	l’étagère	sans source	
ecrans-brennar-6.html	40	②	les caisses	sans source	
ecrans-brennar-6.html	40	②	Passes	sans source	
ecrans-brennar-6.html	40	②	ALLUMER LE FEU	sans source	
ecrans-brennar-6.html	40	②	ça consomme un lot de lys de verre	sans source	
ecrans-brennar-6.html	41	②	Lt. Kane	nom de fiction	
ecrans-brennar-6.html	41	②	le cuisinier · J14	sans source	
ecrans-brennar-6.html	41	②	« Ça monte comme il faut. Si j’ouvre maintenant, je perds tout. »	sans source	
ecrans-brennar-6.html	41	②	le feu	sans source	
ecrans-brennar-6.html	41	②	l’étagère	sans source	
ecrans-brennar-6.html	41	②	les caisses	sans source	
ecrans-brennar-6.html	41	②	Rien à faire ici.	sans source	
ecrans-brennar-6.html	41	②	Repassez quand ce sera tiré	sans source	
ecrans-brennar-6.html	41	②	— et ne me lancez pas une deuxième cuve tant que celle-là tourne.	sans source	
ecrans-brennar-6.html	42	②	Lt. Kane	nom de fiction	
ecrans-brennar-6.html	42	②	le cuisinier · J14	sans source	
ecrans-brennar-6.html	42	②	« Trois passes, comme demandé. C’est plus long, mais ça sort propre. »	sans source	
ecrans-brennar-6.html	42	②	le feu	sans source	
ecrans-brennar-6.html	42	②	l’étagère	sans source	
ecrans-brennar-6.html	42	②	les caisses	sans source	
ecrans-brennar-6.html	42	②	Chaque passe rallonge la nuit.	sans source	
ecrans-brennar-6.html	42	②	C’est vous qui avez choisi	sans source	
ecrans-brennar-6.html	42	②	— je tiens la cuve jusqu’au bout.	sans source	
ecrans-brennar-6.html	43	②	Lt. Kane	nom de fiction	
ecrans-brennar-6.html	43	②	le cuisinier · J14	sans source	
ecrans-brennar-6.html	43	②	« C’est tiré. Ça ne peut pas dormir ici — chaque nuit que ça reste, c’est une nuit de trop. »	sans source	
ecrans-brennar-6.html	43	②	le feu	sans source	
ecrans-brennar-6.html	43	②	l’étagère	sans source	
ecrans-brennar-6.html	43	②	les caisses	sans source	
ecrans-brennar-6.html	43	②	FAIRE SORTIR LA MARCHANDISE	sans source	
ecrans-brennar-6.html	43	②	vers les coursiers	sans source	
ecrans-brennar-6.html	44	②	Lt. Hara	nom de fiction	
ecrans-brennar-6.html	44	②	l’approvisionnement · J11	sans source	
ecrans-brennar-6.html	44	②	« L’approvisionnement, c’est moi maintenant — vous me l’avez confié. Je commande quand il faut. »	sans source	
ecrans-brennar-6.html	44	②	le feu	sans source	
ecrans-brennar-6.html	44	②	l’étagère	sans source	
ecrans-brennar-6.html	44	②	les caisses	sans source	
ecrans-brennar-6.html	44	②	Vous ne passez plus les commandes vous-même.	sans source	
ecrans-brennar-6.html	44	②	Reprendre la main se fait depuis la Famille	sans source	
ecrans-brennar-6.html	44	②	, pas depuis le labo.	sans source	
ecrans-brennar-6.html	45	②	PASSES	sans source	
ecrans-brennar-6.html	45	②	1	nombre	
ecrans-brennar-6.html	45	②	STOCK · FAIBLE	sans source	
ecrans-brennar-6.html	45	②	MONTÉE EN TEMPÉRATURE	sans source	
ecrans-brennar-6.html	45	②	CHAÎNE DU FROID OK	sans source	
ecrans-brennar-6.html	45	②	DÉBUT	servi	building.grow_stage.early
ecrans-brennar-6.html	45	②	MONTÉE	sans source	
ecrans-brennar-6.html	45	②	AFFINAGE	sans source	
ecrans-brennar-6.html	45	②	PRÊT	servi	accueil.carte.pret district.harvest.available
ecrans-brennar-6.html	45	②	4°	sans source	
ecrans-brennar-6.html	45	②	TOUILLER	sans source	
ecrans-brennar-6.html	45	②	BAISSER LE FEU	sans source	
ecrans-brennar-6.html	46	②	PASSES	sans source	
ecrans-brennar-6.html	46	②	3	nombre	
ecrans-brennar-6.html	46	②	STOCK · HAUT · PUR	sans source	
ecrans-brennar-6.html	46	②	PURETÉ HAUTE	sans source	
ecrans-brennar-6.html	46	②	TROIS PASSES TENUES	sans source	
ecrans-brennar-6.html	46	②	DÉBUT	servi	building.grow_stage.early
ecrans-brennar-6.html	46	②	MONTÉE	sans source	
ecrans-brennar-6.html	46	②	AFFINAGE	sans source	
ecrans-brennar-6.html	46	②	PRÊT	servi	accueil.carte.pret district.harvest.available
ecrans-brennar-6.html	46	②	4°	sans source	
ecrans-brennar-6.html	46	②	TIRER LE PRODUIT	sans source	
ecrans-brennar-6.html	46	②	UNE PASSE DE PLUS	sans source	
ecrans-brennar-6.html	47	②	PASSES	sans source	
ecrans-brennar-6.html	47	②	ÉTAGÈRE VIDÉE	sans source	
ecrans-brennar-6.html	47	②	FEU COUPÉ	sans source	
ecrans-brennar-6.html	47	②	STOCK SAISI	sans source	
ecrans-brennar-6.html	47	②	DÉBUT	servi	building.grow_stage.early
ecrans-brennar-6.html	47	②	MONTÉE	sans source	
ecrans-brennar-6.html	47	②	AFFINAGE	sans source	
ecrans-brennar-6.html	47	②	PRÊT	servi	accueil.carte.pret district.harvest.available
ecrans-brennar-6.html	47	②	12°	sans source	
ecrans-brennar-6.html	47	②	TOUT EST PARTI	sans source	
ecrans-brennar-6.html	48	㉚	Commander de la matière première	servi	appro.titre.commander_de_la_matiere_premiere
ecrans-brennar-6.html	48	㉚	Sans elle, aucun labo ne rallume. Le fournisseur, lui, a ses humeurs.	servi	appro.sous_titre.sans_elle_aucun_labo_ne_rallume_le_fournisseur_lui_a_ses_humeurs
ecrans-brennar-6.html	48	㉚	Pyralin	sans source	
ecrans-brennar-6.html	48	㉚	bon de commande	servi	appro.bloc.bon_de_commande
ecrans-brennar-6.html	48	㉚	à quoi ça sert	servi	appro.bloc.a_quoi_ca_sert
ecrans-brennar-6.html	48	㉚	pour le brindle	sans source	
ecrans-brennar-6.html	48	㉚	ce qu’il en reste	servi	appro.bloc.ce_qu_il_en_reste
ecrans-brennar-6.html	48	㉚	il n’y a plus rien · 11 – 50 L	sans source	
ecrans-brennar-6.html	48	㉚	le prix	servi	appro.bloc.le_prix
ecrans-brennar-6.html	48	㉚	le prix monte	servi	appro.bloc.le_prix_monte
ecrans-brennar-6.html	48	㉚	le fournisseur	servi	appro.bloc.le_fournisseur
ecrans-brennar-6.html	48	㉚	il vous fait attendre exprès	sans source	
ecrans-brennar-6.html	48	㉚	Il y a une pénurie en ville	servi	appro.bloc.il_y_a_une_penurie_en_ville
ecrans-brennar-6.html	48	㉚	Tout le monde en cherche en même temps. Ça se paiera plus cher, et plus tard.	servi	appro.bloc.tout_le_monde_en_cherche_en_meme_temps_ca_se_paiera_plus_cher_et_plus_tard
ecrans-brennar-6.html	48	㉚	Lt. Kane :	nom de fiction	
ecrans-brennar-6.html	48	㉚	« L’étagère est vide. Sans pyralin, je ne rallume pas. »	fragment servi	
ecrans-brennar-6.html	48	㉚	EN COMMANDER	servi	appro.bouton.en_commander
ecrans-brennar-6.html	48	㉚	ça part du compte tout de suite	sans source	
ecrans-brennar-6.html	49	㉚	La commande est en route	servi	appro.titre.la_commande_est_en_route
ecrans-brennar-6.html	49	㉚	Elle est payée et partie. Il n’y a plus qu’à attendre.	servi	appro.sous_titre.elle_est_payee_et_partie_il_n_y_a_plus_qu_a_attendre
ecrans-brennar-6.html	49	㉚	Pyralin	sans source	
ecrans-brennar-6.html	49	㉚	bon de commande	servi	appro.bloc.bon_de_commande
ecrans-brennar-6.html	49	㉚	à quoi ça sert	servi	appro.bloc.a_quoi_ca_sert
ecrans-brennar-6.html	49	㉚	pour le brindle	sans source	
ecrans-brennar-6.html	49	㉚	ce qu’il en reste	servi	appro.bloc.ce_qu_il_en_reste
ecrans-brennar-6.html	49	㉚	il reste un fond · 11 – 50 L	sans source	
ecrans-brennar-6.html	49	㉚	le prix	servi	appro.bloc.le_prix
ecrans-brennar-6.html	49	㉚	le prix ne bouge pas	servi	appro.bloc.le_prix_ne_bouge_pas
ecrans-brennar-6.html	49	㉚	le fournisseur	servi	appro.bloc.le_fournisseur
ecrans-brennar-6.html	49	㉚	il vous prend encore au sérieux	sans source	
ecrans-brennar-6.html	49	㉚	la commande	servi	appro.bloc.la_commande
ecrans-brennar-6.html	49	㉚	est en route	fragment servi	
ecrans-brennar-6.html	49	㉚	La commande est payée et partie.	servi	appro.bloc.la_commande_est_payee_et_partie
ecrans-brennar-6.html	49	㉚	Rien à faire de plus.	fragment servi	
ecrans-brennar-6.html	49	㉚	On ne l’accélère pas	fragment servi	
ecrans-brennar-6.html	49	㉚	— elle arrivera quand le fournisseur l’aura décidé.	fragment servi	
ecrans-brennar-6.html	50	㉚	Ça coince quelque part	sans source	
ecrans-brennar-6.html	50	㉚	Un point de la chaîne refoule. On peut remonter, un cran à la fois.	sans source	
ecrans-brennar-6.html	50	㉚	La chaîne, en remontant	servi	appro.bloc.la_chaine_en_remontant
ecrans-brennar-6.html	50	㉚	1	nombre	
ecrans-brennar-6.html	50	㉚	Atelier Vesk — Hautes-Marches, îlot 412	servi	game.fiction.building.name
ecrans-brennar-6.html	50	㉚	là où ça devait arriver	sans source	
ecrans-brennar-6.html	50	㉚	à sec	servi	accueil.etat.broke
ecrans-brennar-6.html	50	㉚	2	nombre	
ecrans-brennar-6.html	50	㉚	Réserve Nock — Le Treillis, îlot 708	servi	game.fiction.building.name
ecrans-brennar-6.html	50	㉚	le relais du milieu	sans source	
ecrans-brennar-6.html	50	㉚	engorgé	sans source	
ecrans-brennar-6.html	50	㉚	3	nombre	
ecrans-brennar-6.html	50	㉚	Encore un cran plus loin	sans source	
ecrans-brennar-6.html	50	㉚	on ne sait pas encore	fragment servi	
ecrans-brennar-6.html	50	㉚	4	nombre	
ecrans-brennar-6.html	50	㉚	Encore un cran plus loin	sans source	
ecrans-brennar-6.html	50	㉚	on ne sait pas encore	fragment servi	
ecrans-brennar-6.html	50	㉚	Lt. Rin :	nom de fiction	
ecrans-brennar-6.html	50	㉚	« Ça refoule. Je peux remonter d’un cran, mais un seul à la fois — et chaque cran prend du temps. »	sans source	
ecrans-brennar-6.html	50	㉚	REMONTER D’UN CRAN	sans source	
ecrans-brennar-6.html	50	㉚	2 sur 4 déjà remontés	sans source	
ecrans-brennar-6.html	51	㉚	Ça coince quelque part	sans source	
ecrans-brennar-6.html	51	㉚	Un point de la chaîne refoule. On peut remonter, un cran à la fois.	sans source	
ecrans-brennar-6.html	51	㉚	La chaîne, en remontant	servi	appro.bloc.la_chaine_en_remontant
ecrans-brennar-6.html	51	㉚	1	nombre	
ecrans-brennar-6.html	51	㉚	Atelier Vesk — Hautes-Marches, îlot 412	servi	game.fiction.building.name
ecrans-brennar-6.html	51	㉚	là où ça devait arriver	sans source	
ecrans-brennar-6.html	51	㉚	à sec	servi	accueil.etat.broke
ecrans-brennar-6.html	51	㉚	2	nombre	
ecrans-brennar-6.html	51	㉚	Réserve Nock — Le Treillis, îlot 708	servi	game.fiction.building.name
ecrans-brennar-6.html	51	㉚	le relais du milieu	sans source	
ecrans-brennar-6.html	51	㉚	engorgé	sans source	
ecrans-brennar-6.html	51	㉚	3	nombre	
ecrans-brennar-6.html	51	㉚	Le quai 4	sans source	
ecrans-brennar-6.html	51	㉚	là où on décharge	sans source	
ecrans-brennar-6.html	51	㉚	bloqué depuis trois jours	sans source	
ecrans-brennar-6.html	51	㉚	4	nombre	
ecrans-brennar-6.html	51	㉚	Encore un cran plus loin	sans source	
ecrans-brennar-6.html	51	㉚	on ne sait pas encore	fragment servi	
ecrans-brennar-6.html	51	㉚	Lt. Rin :	nom de fiction	
ecrans-brennar-6.html	51	㉚	« Ça refoule. Je peux remonter d’un cran, mais un seul à la fois — et chaque cran prend du temps. »	sans source	
ecrans-brennar-6.html	51	㉚	REMONTER D’UN CRAN	sans source	
ecrans-brennar-6.html	51	㉚	3 sur 4 déjà remontés	sans source	
ecrans-brennar-6.html	52	㉚	On a trouvé où ça coince	sans source	
ecrans-brennar-6.html	52	㉚	Le bout de chaîne fautif est identifié. Reste à en faire quelque chose.	sans source	
ecrans-brennar-6.html	52	㉚	La chaîne, en remontant	servi	appro.bloc.la_chaine_en_remontant
ecrans-brennar-6.html	52	㉚	1	nombre	
ecrans-brennar-6.html	52	㉚	Atelier Vesk — Hautes-Marches, îlot 412	servi	game.fiction.building.name
ecrans-brennar-6.html	52	㉚	là où ça devait arriver	sans source	
ecrans-brennar-6.html	52	㉚	à sec	servi	accueil.etat.broke
ecrans-brennar-6.html	52	㉚	2	nombre	
ecrans-brennar-6.html	52	㉚	Réserve Nock — Le Treillis, îlot 708	servi	game.fiction.building.name
ecrans-brennar-6.html	52	㉚	le relais du milieu	sans source	
ecrans-brennar-6.html	52	㉚	engorgé	sans source	
ecrans-brennar-6.html	52	㉚	3	nombre	
ecrans-brennar-6.html	52	㉚	Le quai 4	sans source	
ecrans-brennar-6.html	52	㉚	là où on décharge	sans source	
ecrans-brennar-6.html	52	㉚	bloqué depuis trois jours	sans source	
ecrans-brennar-6.html	52	㉚	Le fournisseur	servi	appro.bloc.le_fournisseur
ecrans-brennar-6.html	52	㉚	tout au bout	sans source	
ecrans-brennar-6.html	52	㉚	ne livre plus	sans source	
ecrans-brennar-6.html	52	㉚	Lt. Rin :	nom de fiction	
ecrans-brennar-6.html	52	㉚	« C’est le fournisseur. Il ne livre plus, et il ne le dira pas. »	sans source	
ecrans-brennar-6.html	52	㉚	EN PRENDRE ACTE	sans source	
ecrans-brennar-6.html	52	㉚	on arrête de chercher, on s’organise autrement	sans source	
ecrans-brennar-6.html	53	㉚	Commander ne vous appartient plus	sans source	
ecrans-brennar-6.html	53	㉚	Vous avez confié l’approvisionnement à quelqu’un.	sans source	
ecrans-brennar-6.html	53	㉚	Pyralin	sans source	
ecrans-brennar-6.html	53	㉚	bon de commande	servi	appro.bloc.bon_de_commande
ecrans-brennar-6.html	53	㉚	à quoi ça sert	servi	appro.bloc.a_quoi_ca_sert
ecrans-brennar-6.html	53	㉚	pour le brindle	sans source	
ecrans-brennar-6.html	53	㉚	ce qu’il en reste	servi	appro.bloc.ce_qu_il_en_reste
ecrans-brennar-6.html	53	㉚	de quoi tenir · 11 – 50 L	sans source	
ecrans-brennar-6.html	53	㉚	le prix	servi	appro.bloc.le_prix
ecrans-brennar-6.html	53	㉚	le prix baisse	servi	appro.bloc.le_prix_baisse
ecrans-brennar-6.html	53	㉚	le fournisseur	servi	appro.bloc.le_fournisseur
ecrans-brennar-6.html	53	㉚	il commence à traîner	sans source	
ecrans-brennar-6.html	53	㉚	Lt. Hara :	nom de fiction	
ecrans-brennar-6.html	53	㉚	« L’approvisionnement, c’est moi maintenant. Je commande quand il faut. »	sans source	
ecrans-brennar-6.html	53	㉚	EN COMMANDER	servi	appro.bouton.en_commander
ecrans-brennar-6.html	53	㉚	ce geste ne vous appartient plus	sans source	
ecrans-brennar-6.html	53	㉚	Vous avez	sans source	
ecrans-brennar-6.html	53	㉚	confié l’approvisionnement	sans source	
ecrans-brennar-6.html	53	㉚	à un lieutenant. Reprendre la main se fait depuis la Famille, pas d’ici.	sans source	
ecrans-brennar-6.html	54	㉘	L’envoi de ce soir	servi	distribution.titre.l_envoi_de_ce_soir
ecrans-brennar-6.html	54	㉘	On choisit d’où ça part, où ça va, et par quel chemin.	servi	distribution.sous_titre.on_choisit_d_ou_ca_part_ou_ca_va_et_par_quel_chemin
ecrans-brennar-6.html	54	㉘	Atelier Vesk — Hautes-Marches, îlot 412	servi	game.fiction.building.name
ecrans-brennar-6.html	54	㉘	d’où ça part	servi	distribution.bloc.d_ou_ca_part
ecrans-brennar-6.html	54	㉘	Clés-Minute Rook — Le Treillis, îlot 703	servi	game.fiction.building.name
ecrans-brennar-6.html	54	㉘	où ça va	servi	distribution.bloc.ou_ca_va
ecrans-brennar-6.html	54	㉘	Le chemin	servi	distribution.bloc.le_chemin
ecrans-brennar-6.html	54	㉘	droit — le plus court	servi	distribution.bloc.droit_le_plus_court
ecrans-brennar-6.html	54	㉘	À traverser	servi	distribution.bloc.a_traverser
ecrans-brennar-6.html	54	㉘	aucune rivière	servi	distribution.bloc.aucune_riviere
ecrans-brennar-6.html	54	㉘	Cette route	servi	distribution.bloc.cette_route
ecrans-brennar-6.html	54	㉘	n’est pas encore tendue	sans source	
ecrans-brennar-6.html	54	㉘	Lt. Rin	nom de fiction	
ecrans-brennar-6.html	54	㉘	la régulation · J9	servi	composé : distribution.bloc.la_regulation + nombre
ecrans-brennar-6.html	54	㉘	« La marchandise est prête au labo. Dites-moi qui part et par où, et je l’envoie ce soir. »	sans source	
ecrans-brennar-6.html	54	㉘	ENVOYER CE SOIR	servi	distribution.bouton.envoyer_ce_soir
ecrans-brennar-6.html	54	㉘	à pied · ça vide le stock du labo	servi	distribution.bloc.a_pied_ca_vide_le_stock_du_labo
ecrans-brennar-6.html	55	㉘	Ce qui est sur la route	servi	distribution.titre.ce_qui_est_sur_la_route
ecrans-brennar-6.html	55	㉘	Un coursier est parti. Voilà le chemin qu’il prend.	servi	distribution.sous_titre.un_coursier_est_parti_voila_le_chemin_qu_il_prend
ecrans-brennar-6.html	55	㉘	Atelier Vesk — Hautes-Marches, îlot 412	servi	game.fiction.building.name
ecrans-brennar-6.html	55	㉘	d’où ça part	servi	distribution.bloc.d_ou_ca_part
ecrans-brennar-6.html	55	㉘	Clés-Minute Rook — Le Treillis, îlot 703	servi	game.fiction.building.name
ecrans-brennar-6.html	55	㉘	où ça va	servi	distribution.bloc.ou_ca_va
ecrans-brennar-6.html	55	㉘	Le chemin	servi	distribution.bloc.le_chemin
ecrans-brennar-6.html	55	㉘	ça serpente — plus long, plus discret	servi	distribution.bloc.ca_serpente_plus_long_plus_discret
ecrans-brennar-6.html	55	㉘	À traverser	servi	distribution.bloc.a_traverser
ecrans-brennar-6.html	55	㉘	un pont	servi	distribution.bloc.un_pont
ecrans-brennar-6.html	55	㉘	Cette route	servi	distribution.bloc.cette_route
ecrans-brennar-6.html	55	㉘	tient	servi	distribution.bloc.tient
ecrans-brennar-6.html	55	㉘	Lt. Rin	nom de fiction	
ecrans-brennar-6.html	55	㉘	la régulation · J9	servi	composé : distribution.bloc.la_regulation + nombre
ecrans-brennar-6.html	55	㉘	« Il est parti à la nuit. Ça serpente, mais c’est la seule qui évite le pont du Threnny. »	sans source	
ecrans-brennar-6.html	55	㉘	Il est en chemin.	fragment servi	
ecrans-brennar-6.html	55	㉘	On ne le rappelle pas	fragment servi	
ecrans-brennar-6.html	55	㉘	— on saura à l’arrivée.	fragment servi	
ecrans-brennar-6.html	56	㉘	C’est livré	servi	distribution.titre.c_est_livre
ecrans-brennar-6.html	56	㉘	La marchandise est arrivée. Voilà ce que le trajet a coûté à la route.	servi	distribution.sous_titre.la_marchandise_est_arrivee_voila_ce_que_le_trajet_a_coute_a_la_route
ecrans-brennar-6.html	56	㉘	Atelier Vesk — Hautes-Marches, îlot 412	servi	game.fiction.building.name
ecrans-brennar-6.html	56	㉘	d’où ça part	servi	distribution.bloc.d_ou_ca_part
ecrans-brennar-6.html	56	㉘	Clés-Minute Rook — Le Treillis, îlot 703	servi	game.fiction.building.name
ecrans-brennar-6.html	56	㉘	où ça va	servi	distribution.bloc.ou_ca_va
ecrans-brennar-6.html	56	㉘	Le chemin	servi	distribution.bloc.le_chemin
ecrans-brennar-6.html	56	㉘	ça serpente — plus long, plus discret	servi	distribution.bloc.ca_serpente_plus_long_plus_discret
ecrans-brennar-6.html	56	㉘	À traverser	servi	distribution.bloc.a_traverser
ecrans-brennar-6.html	56	㉘	aucune rivière	servi	distribution.bloc.aucune_riviere
ecrans-brennar-6.html	56	㉘	Cette route	servi	distribution.bloc.cette_route
ecrans-brennar-6.html	56	㉘	est trop fréquentée — ça se sait	sans source	
ecrans-brennar-6.html	56	㉘	Lt. Rin	nom de fiction	
ecrans-brennar-6.html	56	㉘	la régulation · J9	servi	composé : distribution.bloc.la_regulation + nombre
ecrans-brennar-6.html	56	㉘	« Livré. Le carton est au comptoir, personne n’a rien vu. »	sans source	
ecrans-brennar-6.html	56	㉘	TENDRE UNE AUTRE FICELLE	servi	distribution.bouton.tendre_une_autre_ficelle
ecrans-brennar-6.html	56	㉘	même départ, autre arrivée	sans source	
ecrans-brennar-6.html	57	㉘	Cette route ne sert plus	sans source	
ecrans-brennar-6.html	57	㉘	Trop de monde y est passé, ou elle a été coupée.	sans source	
ecrans-brennar-6.html	57	㉘	Atelier Vesk — Hautes-Marches, îlot 412	servi	game.fiction.building.name
ecrans-brennar-6.html	57	㉘	d’où ça part	servi	distribution.bloc.d_ou_ca_part
ecrans-brennar-6.html	57	㉘	Clés-Minute Rook — Le Treillis, îlot 703	servi	game.fiction.building.name
ecrans-brennar-6.html	57	㉘	où ça va	servi	distribution.bloc.ou_ca_va
ecrans-brennar-6.html	57	㉘	Le chemin	servi	distribution.bloc.le_chemin
ecrans-brennar-6.html	57	㉘	tordu — beaucoup de détours	servi	distribution.bloc.tordu_beaucoup_de_detours
ecrans-brennar-6.html	57	㉘	À traverser	servi	distribution.bloc.a_traverser
ecrans-brennar-6.html	57	㉘	trois ponts	sans source	
ecrans-brennar-6.html	57	㉘	Cette route	servi	distribution.bloc.cette_route
ecrans-brennar-6.html	57	㉘	est coupée — plus rien ne passe	sans source	
ecrans-brennar-6.html	57	㉘	Lt. Rin	nom de fiction	
ecrans-brennar-6.html	57	㉘	la régulation · J9	servi	composé : distribution.bloc.la_regulation + nombre
ecrans-brennar-6.html	57	㉘	« Cette route est brûlée — trop de monde y passe et ça se sait. Il faut la refaire autrement. »	sans source	
ecrans-brennar-6.html	57	㉘	LA REFAIRE AUTREMENT	sans source	
ecrans-brennar-6.html	57	㉘	on repart d’un autre bout	sans source	
ecrans-brennar-6.html	58	㉘	Un coursier s’est fait prendre	sans source	
ecrans-brennar-6.html	58	㉘	Il est au poste. Trois façons d’en sortir, aucune gratuite.	sans source	
ecrans-brennar-6.html	58	㉘	Lt. Tull	nom de fiction	
ecrans-brennar-6.html	58	㉘	pris · coin de Lattice	sans source	
ecrans-brennar-6.html	58	㉘	Lt. Rin	nom de fiction	
ecrans-brennar-6.html	58	㉘	la régulation · J9	servi	composé : distribution.bloc.la_regulation + nombre
ecrans-brennar-6.html	58	㉘	« Ils ont pris Lt. Tull au coin de Lattice. Il est au poste, il n’a rien dit pour l’instant. Vous décidez maintenant, pas demain. »	sans source	
ecrans-brennar-6.html	58	㉘	LUI PAYER UN AVOCAT	sans source	
ecrans-brennar-6.html	58	㉘	ça coûte, et ça se voit dans les comptes	sans source	
ecrans-brennar-6.html	58	㉘	ON LE LÂCHE	sans source	
ecrans-brennar-6.html	58	㉘	il se débrouille — rien ne sort de nos poches	sans source	
ecrans-brennar-6.html	58	㉘	QU’IL SE TAISE	sans source	
ecrans-brennar-6.html	58	㉘	il ne parlera pas. La ville, elle, va chauffer	sans source	
ecrans-brennar-6.html	59	㉙	Le coup de ce soir	sans source	
ecrans-brennar-6.html	59	㉙	On choisit une famille, on choisit un homme, et on l’envoie. On saura demain.	sans source	
ecrans-brennar-6.html	59	㉙	On envoie	sans source	
ecrans-brennar-6.html	59	㉙	Lt. Kest	nom de fiction	
ecrans-brennar-6.html	59	㉙	chez	sans source	
ecrans-brennar-6.html	59	㉙	La Coil	servi	conflit.bloc.la_coil
ecrans-brennar-6.html	59	㉙	sur	sans source	
ecrans-brennar-6.html	59	㉙	l’entrepôt de Dépôt-Est	sans source	
ecrans-brennar-6.html	59	㉙	ce qu’on prend si ça marche	sans source	
ecrans-brennar-6.html	59	㉙	la ferraille de leur dépôt	sans source	
ecrans-brennar-6.html	59	㉙	Les quatre familles de Brennar	sans source	
ecrans-brennar-6.html	59	㉙	C	sans source	
ecrans-brennar-6.html	59	㉙	La Coil	servi	conflit.bloc.la_coil
ecrans-brennar-6.html	59	㉙	les ferrailleurs de Spine	servi	conflit.bloc.les_ferrailleurs_de_spine
ecrans-brennar-6.html	59	㉙	jamais	sans source	
ecrans-brennar-6.html	59	㉙	on ne les a pas croisés	sans source	
ecrans-brennar-6.html	59	㉙	CE SOIR	sans source	
ecrans-brennar-6.html	59	㉙	T	sans source	
ecrans-brennar-6.html	59	㉙	Tarcum	servi	conflit.bloc.tarcum
ecrans-brennar-6.html	59	㉙	le port, et ce qui y entre	servi	conflit.bloc.le_port_et_ce_qui_y_entre
ecrans-brennar-6.html	59	㉙	jamais	sans source	
ecrans-brennar-6.html	59	㉙	on ne les a pas croisés	sans source	
ecrans-brennar-6.html	59	㉙	G	sans source	
ecrans-brennar-6.html	59	㉙	Gorge-de-Fer	servi	conflit.bloc.gorge_de_fer
ecrans-brennar-6.html	59	㉙	les docks du nord	servi	conflit.bloc.les_docks_du_nord
ecrans-brennar-6.html	59	㉙	jamais	sans source	
ecrans-brennar-6.html	59	㉙	on ne les a pas croisés	sans source	
ecrans-brennar-6.html	59	㉙	S	sans source	
ecrans-brennar-6.html	59	㉙	Saltline	servi	conflit.bloc.saltline
ecrans-brennar-6.html	59	㉙	la ligne de sel, à l’est	servi	conflit.bloc.la_ligne_de_sel_a_l_est
ecrans-brennar-6.html	59	㉙	jamais	sans source	
ecrans-brennar-6.html	59	㉙	on ne les a pas croisés	sans source	
ecrans-brennar-6.html	59	㉙	Lt. Kest :	nom de fiction	
ecrans-brennar-6.html	59	㉙	« Dites-moi seulement chez qui. Je pars ce soir, on saura demain. »	sans source	
ecrans-brennar-6.html	59	㉙	L’ENVOYER CE SOIR	sans source	
ecrans-brennar-6.html	59	㉙	on ne pourra plus le rappeler	sans source	
ecrans-brennar-6.html	60	㉙	Le coup de ce soir	sans source	
ecrans-brennar-6.html	60	㉙	On choisit une famille, on choisit un homme, et on l’envoie. On saura demain.	sans source	
ecrans-brennar-6.html	60	㉙	On envoie	sans source	
ecrans-brennar-6.html	60	㉙	Lt. Kest	nom de fiction	
ecrans-brennar-6.html	60	㉙	chez	sans source	
ecrans-brennar-6.html	60	㉙	Tarcum	servi	conflit.bloc.tarcum
ecrans-brennar-6.html	60	㉙	sur	sans source	
ecrans-brennar-6.html	60	㉙	l’entrepôt de Dépôt-Est	sans source	
ecrans-brennar-6.html	60	㉙	ce qu’on prend si ça marche	sans source	
ecrans-brennar-6.html	60	㉙	leur entrepôt du quai 4	sans source	
ecrans-brennar-6.html	60	㉙	La dernière fois chez eux :	sans source	
ecrans-brennar-6.html	60	㉙	percée	sans source	
ecrans-brennar-6.html	60	㉙	, et la ville a chauffé	sans source	
ecrans-brennar-6.html	60	㉙	beaucoup	servi	building.held.high
ecrans-brennar-6.html	60	㉙	Les quatre familles de Brennar	sans source	
ecrans-brennar-6.html	60	㉙	C	sans source	
ecrans-brennar-6.html	60	㉙	La Coil	servi	conflit.bloc.la_coil
ecrans-brennar-6.html	60	㉙	les ferrailleurs de Spine	servi	conflit.bloc.les_ferrailleurs_de_spine
ecrans-brennar-6.html	60	㉙	1 fois	sans source	
ecrans-brennar-6.html	60	㉙	on est allés chez eux	sans source	
ecrans-brennar-6.html	60	㉙	T	sans source	
ecrans-brennar-6.html	60	㉙	Tarcum	servi	conflit.bloc.tarcum
ecrans-brennar-6.html	60	㉙	le port, et ce qui y entre	servi	conflit.bloc.le_port_et_ce_qui_y_entre
ecrans-brennar-6.html	60	㉙	7 fois	sans source	
ecrans-brennar-6.html	60	㉙	on est allés chez eux	sans source	
ecrans-brennar-6.html	60	㉙	CE SOIR	sans source	
ecrans-brennar-6.html	60	㉙	G	sans source	
ecrans-brennar-6.html	60	㉙	Gorge-de-Fer	servi	conflit.bloc.gorge_de_fer
ecrans-brennar-6.html	60	㉙	les docks du nord	servi	conflit.bloc.les_docks_du_nord
ecrans-brennar-6.html	60	㉙	2 fois	sans source	
ecrans-brennar-6.html	60	㉙	on est allés chez eux	sans source	
ecrans-brennar-6.html	60	㉙	S	sans source	
ecrans-brennar-6.html	60	㉙	Saltline	servi	conflit.bloc.saltline
ecrans-brennar-6.html	60	㉙	la ligne de sel, à l’est	servi	conflit.bloc.la_ligne_de_sel_a_l_est
ecrans-brennar-6.html	60	㉙	jamais	sans source	
ecrans-brennar-6.html	60	㉙	on ne les a pas croisés	sans source	
ecrans-brennar-6.html	60	㉙	Lt. Kest :	nom de fiction	
ecrans-brennar-6.html	60	㉙	« Dites-moi seulement chez qui. Je pars ce soir, on saura demain. »	sans source	
ecrans-brennar-6.html	60	㉙	L’ENVOYER CE SOIR	sans source	
ecrans-brennar-6.html	60	㉙	on ne pourra plus le rappeler	sans source	
ecrans-brennar-6.html	61	㉙	Le coup de ce soir	sans source	
ecrans-brennar-6.html	61	㉙	On choisit une famille, on choisit un homme, et on l’envoie. On saura demain.	sans source	
ecrans-brennar-6.html	61	㉙	On envoie	sans source	
ecrans-brennar-6.html	61	㉙	Lt. Marr	nom de fiction	
ecrans-brennar-6.html	61	㉙	chez	sans source	
ecrans-brennar-6.html	61	㉙	Saltline	servi	conflit.bloc.saltline
ecrans-brennar-6.html	61	㉙	sur	sans source	
ecrans-brennar-6.html	61	㉙	leur dépôt de Verrier	sans source	
ecrans-brennar-6.html	61	㉙	ce qu’on prend si ça marche	sans source	
ecrans-brennar-6.html	61	㉙	leur entrepôt du quai 4	sans source	
ecrans-brennar-6.html	61	㉙	Les quatre familles de Brennar	sans source	
ecrans-brennar-6.html	61	㉙	C	sans source	
ecrans-brennar-6.html	61	㉙	La Coil	servi	conflit.bloc.la_coil
ecrans-brennar-6.html	61	㉙	les ferrailleurs de Spine	servi	conflit.bloc.les_ferrailleurs_de_spine
ecrans-brennar-6.html	61	㉙	1 fois	sans source	
ecrans-brennar-6.html	61	㉙	on est allés chez eux	sans source	
ecrans-brennar-6.html	61	㉙	T	sans source	
ecrans-brennar-6.html	61	㉙	Tarcum	servi	conflit.bloc.tarcum
ecrans-brennar-6.html	61	㉙	le port, et ce qui y entre	servi	conflit.bloc.le_port_et_ce_qui_y_entre
ecrans-brennar-6.html	61	㉙	7 fois	sans source	
ecrans-brennar-6.html	61	㉙	on est allés chez eux	sans source	
ecrans-brennar-6.html	61	㉙	G	sans source	
ecrans-brennar-6.html	61	㉙	Gorge-de-Fer	servi	conflit.bloc.gorge_de_fer
ecrans-brennar-6.html	61	㉙	les docks du nord	servi	conflit.bloc.les_docks_du_nord
ecrans-brennar-6.html	61	㉙	2 fois	sans source	
ecrans-brennar-6.html	61	㉙	on est allés chez eux	sans source	
ecrans-brennar-6.html	61	㉙	S	sans source	
ecrans-brennar-6.html	61	㉙	Saltline	servi	conflit.bloc.saltline
ecrans-brennar-6.html	61	㉙	la ligne de sel, à l’est	servi	conflit.bloc.la_ligne_de_sel_a_l_est
ecrans-brennar-6.html	61	㉙	jamais	sans source	
ecrans-brennar-6.html	61	㉙	on ne les a pas croisés	sans source	
ecrans-brennar-6.html	61	㉙	CE SOIR	sans source	
ecrans-brennar-6.html	61	㉙	Lt. Kest :	nom de fiction	
ecrans-brennar-6.html	61	㉙	« Lt. Marr tient les comptes, il ne cogne pas. Et Saltline, on ne l’a jamais croisée — je ne saurais pas où frapper. »	sans source	
ecrans-brennar-6.html	61	㉙	L’ENVOYER CE SOIR	sans source	
ecrans-brennar-6.html	61	㉙	deux choses ne collent pas	sans source	
ecrans-brennar-6.html	62	㉙	Ce qui est en cours	sans source	
ecrans-brennar-6.html	62	㉙	Les hommes qu’on a envoyés et qui ne sont pas encore rentrés.	sans source	
ecrans-brennar-6.html	62	㉙	Partis, pas encore rentrés	sans source	
ecrans-brennar-6.html	62	㉙	Lt. Kest	nom de fiction	
ecrans-brennar-6.html	62	㉙	parti chez Tarcum	sans source	
ecrans-brennar-6.html	62	㉙	on ne peut plus	sans source	
ecrans-brennar-6.html	62	㉙	le rappeler	sans source	
ecrans-brennar-6.html	62	㉙	Lt. Voss	nom de fiction	
ecrans-brennar-6.html	62	㉙	parti chez Gorge-de-Fer	sans source	
ecrans-brennar-6.html	62	㉙	on ne peut plus	sans source	
ecrans-brennar-6.html	62	㉙	le rappeler	sans source	
ecrans-brennar-6.html	62	㉙	Déjà rentrés	sans source	
ecrans-brennar-6.html	62	㉙	Lt. Dorne	nom de fiction	
ecrans-brennar-6.html	62	㉙	était chez la Coil	sans source	
ecrans-brennar-6.html	62	㉙	Rien obtenu	sans source	
ecrans-brennar-6.html	62	㉙	Deux hommes dehors.	sans source	
ecrans-brennar-6.html	62	㉙	On ne les rappelle pas	sans source	
ecrans-brennar-6.html	62	㉙	— on saura demain matin.	sans source	
ecrans-brennar-6.html	62	㉙	EN ENVOYER UN AUTRE	sans source	
ecrans-brennar-6.html	62	㉙	autre famille, autre bâtiment	sans source	
ecrans-brennar-6.html	63	㉙	Ce qui est rentré	sans source	
ecrans-brennar-6.html	63	㉙	Ce que chaque homme a rapporté, et ce que ça nous a coûté.	sans source	
ecrans-brennar-6.html	63	㉙	Il est rentré	sans source	
ecrans-brennar-6.html	63	㉙	Lt. Kest	nom de fiction	
ecrans-brennar-6.html	63	㉙	était chez Tarcum	sans source	
ecrans-brennar-6.html	63	㉙	Disputé	servi	carte.bloc.dispute
ecrans-brennar-6.html	63	㉙	ça nous a coûté	sans source	
ecrans-brennar-6.html	63	㉙	un peu	sans source	
ecrans-brennar-6.html	63	㉙	la ville a chauffé	sans source	
ecrans-brennar-6.html	63	㉙	pas mal	sans source	
ecrans-brennar-6.html	63	㉙	Depuis le début, chez Tarcum	sans source	
ecrans-brennar-6.html	63	㉙	Coup n°4	sans source	
ecrans-brennar-6.html	63	㉙	un homme envoyé	sans source	
ecrans-brennar-6.html	63	㉙	Percée	sans source	
ecrans-brennar-6.html	63	㉙	Coup n°5	sans source	
ecrans-brennar-6.html	63	㉙	un homme envoyé	sans source	
ecrans-brennar-6.html	63	㉙	Terrain gagné	sans source	
ecrans-brennar-6.html	63	㉙	Coup n°6	sans source	
ecrans-brennar-6.html	63	㉙	un homme envoyé	sans source	
ecrans-brennar-6.html	63	㉙	Disputé	servi	carte.bloc.dispute
ecrans-brennar-6.html	63	㉙	Coup n°7	sans source	
ecrans-brennar-6.html	63	㉙	un homme envoyé	sans source	
ecrans-brennar-6.html	63	㉙	Percée	sans source	
ecrans-brennar-6.html	63	㉙	Lt. Kest :	nom de fiction	
ecrans-brennar-6.html	63	㉙	« Voilà ce que ça a donné. À vous de dire si on y retourne. »	sans source	
ecrans-brennar-6.html	63	㉙	Y RETOURNER	fragment servi	
ecrans-brennar-6.html	63	㉙	même famille, autre bâtiment	sans source	
ecrans-brennar-6.html	64	㉙	Ce qu’on ne peut pas faire	sans source	
ecrans-brennar-6.html	64	㉙	Le jeu prévoit ces trois choses. Personne n’y touche encore.	sans source	
ecrans-brennar-6.html	64	㉙	Savoir qui elles sont	sans source	
ecrans-brennar-6.html	64	㉙	ce qu’elles nous ont fait, où elles en sont, ce qu’elles préparent	sans source	
ecrans-brennar-6.html	64	㉙	rien derrière	servi	delegation.bloc.rien_derriere
ecrans-brennar-6.html	64	㉙	Leur parler	sans source	
ecrans-brennar-6.html	64	㉙	proposer, menacer, s’entendre, rompre	sans source	
ecrans-brennar-6.html	64	㉙	rien derrière	servi	delegation.bloc.rien_derriere
ecrans-brennar-6.html	64	㉙	Les faire suivre	sans source	
ecrans-brennar-6.html	64	㉙	savoir ce qu’elles préparent avant elles	sans source	
ecrans-brennar-6.html	64	㉙	rien derrière	servi	delegation.bloc.rien_derriere
ecrans-brennar-6.html	64	㉙	Ces trois choses	sans source	
ecrans-brennar-6.html	64	㉙	existent dans le jeu	sans source	
ecrans-brennar-6.html	64	㉙	, mais personne n’y touche encore. Tant que c’est le cas, le conflit se joue	sans source	
ecrans-brennar-6.html	64	㉙	à l’aveugle et à sens unique	sans source	
ecrans-brennar-6.html	64	㉙	: on frappe, on ne parle pas, on ne voit pas venir.	sans source	
ecrans-brennar-6.html	65	㉙	La Coil	servi	conflit.bloc.la_coil
ecrans-brennar-6.html	65	㉙	les ferrailleurs de Spine	servi	conflit.bloc.les_ferrailleurs_de_spine
ecrans-brennar-6.html	65	㉙	Tarcum	servi	conflit.bloc.tarcum
ecrans-brennar-6.html	65	㉙	le port, et ce qui y entre	servi	conflit.bloc.le_port_et_ce_qui_y_entre
ecrans-brennar-6.html	65	㉙	Gorge-de-Fer	servi	conflit.bloc.gorge_de_fer
ecrans-brennar-6.html	65	㉙	les docks du nord	servi	conflit.bloc.les_docks_du_nord
ecrans-brennar-6.html	65	㉙	Saltline	servi	conflit.bloc.saltline
ecrans-brennar-6.html	65	㉙	la ligne de sel, à l’est	servi	conflit.bloc.la_ligne_de_sel_a_l_est
ecrans-brennar-6.html	65	㉙	Ce qu’on fait ce soir	sans source	
ecrans-brennar-6.html	65	㉙	qui part	sans source	
ecrans-brennar-6.html	65	㉙	Lt. Kest	nom de fiction	
ecrans-brennar-6.html	65	㉙	chez qui	servi	exceptions.bloc.chez_enseigne
ecrans-brennar-6.html	65	㉙	Tarcum	servi	conflit.bloc.tarcum
ecrans-brennar-6.html	65	㉙	sur quoi	sans source	
ecrans-brennar-6.html	65	㉙	Garde-meubles Sallo — Dépôt-Est, îlot 1107	servi	game.fiction.building.name
ecrans-brennar-6.html	65	㉙	ce qu’on prend	sans source	
ecrans-brennar-6.html	65	㉙	leur entrepôt du quai 4	sans source	
ecrans-brennar-6.html	65	㉙	La dernière fois chez eux :	sans source	
ecrans-brennar-6.html	65	㉙	elle a tout brûlé	sans source	
ecrans-brennar-6.html	65	㉙	, et la ville a chauffé	sans source	
ecrans-brennar-6.html	65	㉙	beaucoup	servi	building.held.high
ecrans-brennar-6.html	65	㉙	Lt. Kest	nom de fiction	
ecrans-brennar-6.html	65	㉙	le muscle · J7	sans source	
ecrans-brennar-6.html	65	㉙	« Dites-moi qui j’envoie et sur quoi. Je pars ce soir, on saura demain. »	sans source	
ecrans-brennar-6.html	65	㉙	on est allés chez eux	sans source	
ecrans-brennar-6.html	65	㉙	7 fois	sans source	
ecrans-brennar-6.html	65	㉙	L’ENVOYER CE SOIR	sans source	
ecrans-brennar-6.html	65	㉙	on saura demain, pas avant	sans source	
ecrans-brennar-6.html	66	㉙	La Coil	servi	conflit.bloc.la_coil
ecrans-brennar-6.html	66	㉙	les ferrailleurs de Spine	servi	conflit.bloc.les_ferrailleurs_de_spine
ecrans-brennar-6.html	66	㉙	Tarcum	servi	conflit.bloc.tarcum
ecrans-brennar-6.html	66	㉙	le port, et ce qui y entre	servi	conflit.bloc.le_port_et_ce_qui_y_entre
ecrans-brennar-6.html	66	㉙	Gorge-de-Fer	servi	conflit.bloc.gorge_de_fer
ecrans-brennar-6.html	66	㉙	les docks du nord	servi	conflit.bloc.les_docks_du_nord
ecrans-brennar-6.html	66	㉙	Saltline	servi	conflit.bloc.saltline
ecrans-brennar-6.html	66	㉙	la ligne de sel, à l’est	servi	conflit.bloc.la_ligne_de_sel_a_l_est
ecrans-brennar-6.html	66	㉙	Lt. Kest	nom de fiction	
ecrans-brennar-6.html	66	㉙	le muscle · J7	sans source	
ecrans-brennar-6.html	66	㉙	« Il est rentré. Regardez l’allumette : ce qu’il en reste vous dit ce que ça a donné. »	sans source	
ecrans-brennar-6.html	66	㉙	l’allumette	sans source	
ecrans-brennar-6.html	66	㉙	ça s’est disputé	sans source	
ecrans-brennar-6.html	66	㉙	ça nous a coûté	sans source	
ecrans-brennar-6.html	66	㉙	un peu	sans source	
ecrans-brennar-6.html	66	㉙	la ville a chauffé	sans source	
ecrans-brennar-6.html	66	㉙	pas mal	sans source	
ecrans-brennar-6.html	66	㉙	EN RENVOYER UN	sans source	
ecrans-brennar-6.html	66	㉙	même famille, autre bâtiment	sans source	
ecrans-brennar-6.html	67	㉛	Ils ont arrêté quelqu’un à vous	sans source	
ecrans-brennar-6.html	67	㉛	Il sait des choses. À partir de maintenant, chaque jour compte.	sans source	
ecrans-brennar-6.html	67	㉛	Lt. Tull	nom de fiction	
ecrans-brennar-6.html	67	㉛	un de vos coursiers · poursuivi pour	sans source	
ecrans-brennar-6.html	67	㉛	un délit sérieux	sans source	
ecrans-brennar-6.html	67	㉛	9	nombre	
ecrans-brennar-6.html	67	㉛	jours avant	sans source	
ecrans-brennar-6.html	67	㉛	le jugement	sans source	
ecrans-brennar-6.html	67	㉛	Ce qu’il sait — et ce qui est déjà sorti	sans source	
ecrans-brennar-6.html	67	㉛	où est la planque	sans source	
ecrans-brennar-6.html	67	㉛	lourd	sans source	
ecrans-brennar-6.html	67	㉛	qui est le lieutenant	sans source	
ecrans-brennar-6.html	67	㉛	lourd	sans source	
ecrans-brennar-6.html	67	㉛	un segment de route	sans source	
ecrans-brennar-6.html	67	㉛	mineur	sans source	
ecrans-brennar-6.html	67	㉛	le nom d’un coin de vente	sans source	
ecrans-brennar-6.html	67	㉛	mineur	sans source	
ecrans-brennar-6.html	67	㉛	l’horaire des tournées	sans source	
ecrans-brennar-6.html	67	㉛	mineur	sans source	
ecrans-brennar-6.html	67	㉛	Lt. Rin :	nom de fiction	
ecrans-brennar-6.html	67	㉛	« Pour l’instant il n’a rien dit. Ça ne durera pas tout seul. »	sans source	
ecrans-brennar-6.html	67	㉛	LUI TROUVER UN AVOCAT	sans source	
ecrans-brennar-6.html	67	㉛	le commis d’office fait ce qu’il peut	sans source	
ecrans-brennar-6.html	68	㉛	Lui trouver un avocat	sans source	
ecrans-brennar-6.html	68	㉛	Trois façons de le défendre. Aucune n’est sans revers.	sans source	
ecrans-brennar-6.html	68	㉛	Qui peut le défendre	sans source	
ecrans-brennar-6.html	68	㉛	Commis d’office	servi	game.legal.lawyer_tier.public_defender loi.bloc.commis_d_office
ecrans-brennar-6.html	68	㉛	gratuit — il fait ce qu’il peut	servi	loi.bloc.gratuit_il_fait_ce_qu_il_peut
ecrans-brennar-6.html	68	㉛	EN PLACE	servi	loi.badge.en_place
ecrans-brennar-6.html	68	㉛	Un cabinet	servi	game.legal.lawyer_tier.boutique loi.bloc.un_cabinet
ecrans-brennar-6.html	68	㉛	ça coûte — il connaît les juges	servi	loi.bloc.ca_coute_il_connait_les_juges
ecrans-brennar-6.html	68	㉛	DISPONIBLE	servi	loi.badge.disponible distribution.bloc.disponible
ecrans-brennar-6.html	68	㉛	La filière	servi	game.legal.lawyer_tier.corruption_pipeline filiere.bloc.la_filiere loi.bloc.la_filiere
ecrans-brennar-6.html	68	㉛	ça coûte cher — et ça peut se retourner	servi	loi.bloc.ca_coute_cher_et_ca_peut_se_retourner
ecrans-brennar-6.html	68	㉛	À VOS RISQUES	servi	loi.badge.a_vos_risques
ecrans-brennar-6.html	68	㉛	La	sans source	
ecrans-brennar-6.html	68	㉛	filière	servi	loi.bloc.filiere
ecrans-brennar-6.html	68	㉛	fait classer une affaire sans procès — mais elle se sert de gens qui, un jour, peuvent parler à leur tour.	fragment servi	
ecrans-brennar-6.html	68	㉛	Lt. Rin :	nom de fiction	
ecrans-brennar-6.html	68	㉛	« Le commis d’office ne coûte rien et ne gagne rien. Le cabinet coûte. La filière, elle, se paie deux fois. »	sans source	
ecrans-brennar-6.html	68	㉛	PRENDRE LE CABINET	sans source	
ecrans-brennar-6.html	68	㉛	ça part du compte tout de suite	sans source	
ecrans-brennar-6.html	69	㉛	Il commence à parler	sans source	
ecrans-brennar-6.html	69	㉛	Ce qu’il lâche ne se rattrape pas. Voilà ce qui est déjà sorti.	sans source	
ecrans-brennar-6.html	69	㉛	Lt. Tull	nom de fiction	
ecrans-brennar-6.html	69	㉛	un de vos coursiers · poursuivi pour	sans source	
ecrans-brennar-6.html	69	㉛	un délit sérieux	sans source	
ecrans-brennar-6.html	69	㉛	5	nombre	
ecrans-brennar-6.html	69	㉛	jours avant	sans source	
ecrans-brennar-6.html	69	㉛	le jugement	sans source	
ecrans-brennar-6.html	69	㉛	Ce qu’il sait — et ce qui est déjà sorti	sans source	
ecrans-brennar-6.html	69	㉛	où est la planque	sans source	
ecrans-brennar-6.html	69	㉛	SORTI	sans source	
ecrans-brennar-6.html	69	㉛	qui est le lieutenant	sans source	
ecrans-brennar-6.html	69	㉛	SORTI	sans source	
ecrans-brennar-6.html	69	㉛	un segment de route	sans source	
ecrans-brennar-6.html	69	㉛	SORTI	sans source	
ecrans-brennar-6.html	69	㉛	le nom d’un coin de vente	sans source	
ecrans-brennar-6.html	69	㉛	mineur	sans source	
ecrans-brennar-6.html	69	㉛	l’horaire des tournées	sans source	
ecrans-brennar-6.html	69	㉛	mineur	sans source	
ecrans-brennar-6.html	69	㉛	Lt. Rin :	nom de fiction	
ecrans-brennar-6.html	69	㉛	« Il a donné la planque et le nom de Lt. Hara. Ce qui est sorti ne rentrera pas. »	sans source	
ecrans-brennar-6.html	69	㉛	LUI PRENDRE UN VRAI AVOCAT	sans source	
ecrans-brennar-6.html	69	㉛	ça n’efface pas ce qui est dit	sans source	
ecrans-brennar-6.html	70	㉛	Il a tout dit	sans source	
ecrans-brennar-6.html	70	㉛	Il ne reste plus rien à protéger de ce côté-là.	sans source	
ecrans-brennar-6.html	70	㉛	Lt. Tull	nom de fiction	
ecrans-brennar-6.html	70	㉛	un de vos coursiers · poursuivi pour	sans source	
ecrans-brennar-6.html	70	㉛	un crime	sans source	
ecrans-brennar-6.html	70	㉛	1	nombre	
ecrans-brennar-6.html	70	㉛	jours avant	sans source	
ecrans-brennar-6.html	70	㉛	le jugement	sans source	
ecrans-brennar-6.html	70	㉛	Ce qu’il sait — et ce qui est déjà sorti	sans source	
ecrans-brennar-6.html	70	㉛	où est la planque	sans source	
ecrans-brennar-6.html	70	㉛	SORTI	sans source	
ecrans-brennar-6.html	70	㉛	qui est le lieutenant	sans source	
ecrans-brennar-6.html	70	㉛	SORTI	sans source	
ecrans-brennar-6.html	70	㉛	un segment de route	sans source	
ecrans-brennar-6.html	70	㉛	SORTI	sans source	
ecrans-brennar-6.html	70	㉛	le nom d’un coin de vente	sans source	
ecrans-brennar-6.html	70	㉛	SORTI	sans source	
ecrans-brennar-6.html	70	㉛	l’horaire des tournées	sans source	
ecrans-brennar-6.html	70	㉛	SORTI	sans source	
ecrans-brennar-6.html	70	㉛	Lt. Rin :	nom de fiction	
ecrans-brennar-6.html	70	㉛	« Il a tout vidé. Il n’y a plus rien à sauver de ce côté. »	sans source	
ecrans-brennar-6.html	70	㉛	L’affaire suit son cours.	sans source	
ecrans-brennar-6.html	70	㉛	Ce qui est sorti est sorti	sans source	
ecrans-brennar-6.html	70	㉛	— c’est ailleurs qu’il faut réparer maintenant.	sans source	
ecrans-brennar-6.html	71	㉛	Il y a un arrangement possible	sans source	
ecrans-brennar-6.html	71	㉛	On peut clore tout de suite, à un prix.	sans source	
ecrans-brennar-6.html	71	㉛	Lt. Tull	nom de fiction	
ecrans-brennar-6.html	71	㉛	un de vos coursiers · poursuivi pour	sans source	
ecrans-brennar-6.html	71	㉛	un délit sérieux	sans source	
ecrans-brennar-6.html	71	㉛	6	nombre	
ecrans-brennar-6.html	71	㉛	jours avant	sans source	
ecrans-brennar-6.html	71	㉛	le jugement	sans source	
ecrans-brennar-6.html	71	㉛	Ce qu’on peut faire	sans source	
ecrans-brennar-6.html	71	㉛	Accepter l’accord	sans source	
ecrans-brennar-6.html	71	㉛	il plaide, la peine tombe tout de suite — et l’affaire s’arrête là	sans source	
ecrans-brennar-6.html	71	㉛	SANS FRAIS	servi	building.repair_cost.none
ecrans-brennar-6.html	71	㉛	Faire classer par la filière	sans source	
ecrans-brennar-6.html	71	㉛	l’affaire disparaît — seulement si la charge est légère	sans source	
ecrans-brennar-6.html	71	㉛	ÇA SE PAIE	fragment servi	
ecrans-brennar-6.html	71	㉛	Lt. Rin :	nom de fiction	
ecrans-brennar-6.html	71	㉛	« À vous de dire. L’accord ferme le dossier proprement. La filière le fait disparaître, mais elle s’en souviendra. »	sans source	
ecrans-brennar-6.html	71	㉛	ACCEPTER L’ACCORD	sans source	
ecrans-brennar-6.html	71	㉛	il plaide, et c’est fini	sans source	
ecrans-brennar-6.html	72	㉛	Votre avocat est nerveux	sans source	
ecrans-brennar-6.html	72	㉛	On ne vous dira pas à quel point. Juste qu’il l’est.	sans source	
ecrans-brennar-6.html	72	㉛	Lt. Tull	nom de fiction	
ecrans-brennar-6.html	72	㉛	un de vos coursiers · poursuivi pour	sans source	
ecrans-brennar-6.html	72	㉛	un délit sérieux	sans source	
ecrans-brennar-6.html	72	㉛	4	nombre	
ecrans-brennar-6.html	72	㉛	jours avant	sans source	
ecrans-brennar-6.html	72	㉛	le jugement	sans source	
ecrans-brennar-6.html	72	㉛	Il est nerveux depuis quelques jours.	sans source	
ecrans-brennar-6.html	72	㉛	Il change de rendez-vous, il rappelle moins. On ne saura pas s’il est sur le point de lâcher — on le saura quand ce sera fait.	sans source	
ecrans-brennar-6.html	72	㉛	Lt. Rin :	nom de fiction	
ecrans-brennar-6.html	72	㉛	« Je ne peux pas vous dire s’il va tenir. Personne ne peut. »	sans source	
ecrans-brennar-6.html	72	㉛	LE RETIRER DE L’AFFAIRE	sans source	
ecrans-brennar-6.html	72	㉛	et repartir d’un cabinet	sans source	
ecrans-brennar-6.html	72	㉛	Le jeu ne vous donnera jamais de chiffre là-dessus.	sans source	
ecrans-brennar-6.html	72	㉛	Vous n’aurez que ce signe, et il arrive quand il arrive. C’est voulu.	sans source	
ecrans-brennar-6.html	73	㉜	Ce que vous tenez encore vous-même	sans source	
ecrans-brennar-6.html	73	㉜	Quatre choses. Chacune peut être confiée — et reprise, à un prix.	sans source	
ecrans-brennar-6.html	73	㉜	Une décision de structure aujourd’hui	sans source	
ecrans-brennar-6.html	73	㉜	confier ou reprendre — pas les deux	sans source	
ecrans-brennar-6.html	73	㉜	Les tournées	sans source	
ecrans-brennar-6.html	73	㉜	qui livre quoi, et par où	sans source	
ecrans-brennar-6.html	73	㉜	vous	sans source	
ecrans-brennar-6.html	73	㉜	vous la faites	sans source	
ecrans-brennar-6.html	73	㉜	L’embauche	sans source	
ecrans-brennar-6.html	73	㉜	qui entre dans la maison	sans source	
ecrans-brennar-6.html	73	㉜	vous	sans source	
ecrans-brennar-6.html	73	㉜	vous la faites	sans source	
ecrans-brennar-6.html	73	㉜	L’approvisionnement	sans source	
ecrans-brennar-6.html	73	㉜	ce qu’on commande, et à qui	sans source	
ecrans-brennar-6.html	73	㉜	vous	sans source	
ecrans-brennar-6.html	73	㉜	vous la faites	sans source	
ecrans-brennar-6.html	73	㉜	La chaleur	fragment servi	
ecrans-brennar-6.html	73	㉜	ce qu’on fait quand la ville s’échauffe	sans source	
ecrans-brennar-6.html	73	㉜	vous	sans source	
ecrans-brennar-6.html	73	㉜	vous la faites	sans source	
ecrans-brennar-6.html	73	㉜	Tant que vous tenez tout,	sans source	
ecrans-brennar-6.html	73	㉜	rien ne se fait sans vous	sans source	
ecrans-brennar-6.html	73	㉜	— et rien ne se fait pendant que vous dormez.	sans source	
ecrans-brennar-6.html	73	㉜	EN CONFIER UNE	sans source	
ecrans-brennar-6.html	73	㉜	vous ne la ferez plus vous-même	sans source	
ecrans-brennar-6.html	74	㉜	Confier une de vos charges	sans source	
ecrans-brennar-6.html	74	㉜	Vous ne la ferez plus. Quelqu’un d’autre la fera, à sa façon.	sans source	
ecrans-brennar-6.html	74	㉜	Une décision de structure aujourd’hui	sans source	
ecrans-brennar-6.html	74	㉜	confier ou reprendre — pas les deux	sans source	
ecrans-brennar-6.html	74	㉜	Les tournées	sans source	
ecrans-brennar-6.html	74	㉜	qui livre quoi, et par où	sans source	
ecrans-brennar-6.html	74	㉜	vous	sans source	
ecrans-brennar-6.html	74	㉜	vous la faites	sans source	
ecrans-brennar-6.html	74	㉜	L’embauche	sans source	
ecrans-brennar-6.html	74	㉜	qui entre dans la maison	sans source	
ecrans-brennar-6.html	74	㉜	vous	sans source	
ecrans-brennar-6.html	74	㉜	vous la faites	sans source	
ecrans-brennar-6.html	74	㉜	L’approvisionnement	sans source	
ecrans-brennar-6.html	74	㉜	ce qu’on commande, et à qui	sans source	
ecrans-brennar-6.html	74	㉜	vous	sans source	
ecrans-brennar-6.html	74	㉜	vous la faites	sans source	
ecrans-brennar-6.html	74	㉜	La chaleur	fragment servi	
ecrans-brennar-6.html	74	㉜	ce qu’on fait quand la ville s’échauffe	sans source	
ecrans-brennar-6.html	74	㉜	vous	sans source	
ecrans-brennar-6.html	74	㉜	vous la faites	sans source	
ecrans-brennar-6.html	74	㉜	Lt. Hara :	nom de fiction	
ecrans-brennar-6.html	74	㉜	« Donnez-moi l’approvisionnement. Je m’en occupe, et vous ne verrez plus passer les commandes. »	sans source	
ecrans-brennar-6.html	74	㉜	LA LUI CONFIER	sans source	
ecrans-brennar-6.html	74	㉜	c’est votre décision du jour	sans source	
ecrans-brennar-6.html	75	㉜	Ce que vous avez confié	sans source	
ecrans-brennar-6.html	75	㉜	2 charges tenues par quelqu’un d’autre. Vous pouvez les reprendre, à un prix.	sans source	
ecrans-brennar-6.html	75	㉜	Une décision de structure aujourd’hui	sans source	
ecrans-brennar-6.html	75	㉜	confier ou reprendre — pas les deux	sans source	
ecrans-brennar-6.html	75	㉜	Les tournées	sans source	
ecrans-brennar-6.html	75	㉜	qui livre quoi, et par où	sans source	
ecrans-brennar-6.html	75	㉜	vous	sans source	
ecrans-brennar-6.html	75	㉜	vous la faites	sans source	
ecrans-brennar-6.html	75	㉜	L’embauche	sans source	
ecrans-brennar-6.html	75	㉜	qui entre dans la maison	sans source	
ecrans-brennar-6.html	75	㉜	Lt. Sallo	nom de fiction	
ecrans-brennar-6.html	75	㉜	depuis 6 jours	sans source	
ecrans-brennar-6.html	75	㉜	L’approvisionnement	sans source	
ecrans-brennar-6.html	75	㉜	ce qu’on commande, et à qui	sans source	
ecrans-brennar-6.html	75	㉜	Lt. Hara	nom de fiction	
ecrans-brennar-6.html	75	㉜	depuis 6 jours	sans source	
ecrans-brennar-6.html	75	㉜	La chaleur	fragment servi	
ecrans-brennar-6.html	75	㉜	ce qu’on fait quand la ville s’échauffe	sans source	
ecrans-brennar-6.html	75	㉜	vous	sans source	
ecrans-brennar-6.html	75	㉜	vous la faites	sans source	
ecrans-brennar-6.html	75	㉜	Tant que vous tenez tout,	sans source	
ecrans-brennar-6.html	75	㉜	rien ne se fait sans vous	sans source	
ecrans-brennar-6.html	75	㉜	— et rien ne se fait pendant que vous dormez.	sans source	
ecrans-brennar-6.html	75	㉜	EN CONFIER UNE	sans source	
ecrans-brennar-6.html	75	㉜	vous ne la ferez plus vous-même	sans source	
ecrans-brennar-6.html	76	㉜	Reprendre l’approvisionnement	sans source	
ecrans-brennar-6.html	76	㉜	Voilà ce que ça coûterait. On vous le dit avant, pas après.	sans source	
ecrans-brennar-6.html	76	㉜	L’approvisionnement	sans source	
ecrans-brennar-6.html	76	㉜	ce qu’on commande, et à qui	sans source	
ecrans-brennar-6.html	76	㉜	Lt. Hara	nom de fiction	
ecrans-brennar-6.html	76	㉜	depuis 6 jours	sans source	
ecrans-brennar-6.html	76	㉜	Si vous reprenez maintenant	servi	delegation.bloc.si_vous_reprenez_maintenant
ecrans-brennar-6.html	76	㉜	Ce qu’il a appris	sans source	
ecrans-brennar-6.html	76	㉜	retombe brutalement	sans source	
ecrans-brennar-6.html	76	㉜	Pour tout regagner	sans source	
ecrans-brennar-6.html	76	㉜	très longtemps	sans source	
ecrans-brennar-6.html	76	㉜	Ce qu’on lui doit	sans source	
ecrans-brennar-6.html	76	㉜	ruineux	sans source	
ecrans-brennar-6.html	76	㉜	Il vous en veut	servi	reputation.etat.il_vous_en_veut
ecrans-brennar-6.html	76	㉜	pendant long	sans source	
ecrans-brennar-6.html	76	㉜	Celui qu’il formait	sans source	
ecrans-brennar-6.html	76	㉜	s’arrête aussi	sans source	
ecrans-brennar-6.html	76	㉜	Si vous reconfiez plus tard	sans source	
ecrans-brennar-6.html	76	㉜	ça coûtera plus	sans source	
ecrans-brennar-6.html	76	㉜	Ceci est un avertissement, pas un mur : le jeu vous laissera le faire.	sans source	
ecrans-brennar-6.html	76	㉜	Lt. Rin :	nom de fiction	
ecrans-brennar-6.html	76	㉜	« Vous pouvez la reprendre. Il ne le prendra pas bien, et ce qu’il savait faire, vous devrez le réapprendre. »	sans source	
ecrans-brennar-6.html	76	㉜	LA REPRENDRE QUAND MÊME	sans source	
ecrans-brennar-6.html	76	㉜	c’est votre décision du jour	sans source	
ecrans-brennar-6.html	77	㉜	Vous avez déjà tranché aujourd’hui	sans source	
ecrans-brennar-6.html	77	㉜	On ne redessine pas la maison deux fois dans la même journée.	sans source	
ecrans-brennar-6.html	77	㉜	Décision déjà prise aujourd’hui	sans source	
ecrans-brennar-6.html	77	㉜	la prochaine sera pour demain	sans source	
ecrans-brennar-6.html	77	㉜	Les tournées	sans source	
ecrans-brennar-6.html	77	㉜	qui livre quoi, et par où	sans source	
ecrans-brennar-6.html	77	㉜	vous	sans source	
ecrans-brennar-6.html	77	㉜	vous la faites	sans source	
ecrans-brennar-6.html	77	㉜	L’embauche	sans source	
ecrans-brennar-6.html	77	㉜	qui entre dans la maison	sans source	
ecrans-brennar-6.html	77	㉜	Lt. Sallo	nom de fiction	
ecrans-brennar-6.html	77	㉜	depuis 6 jours	sans source	
ecrans-brennar-6.html	77	㉜	L’approvisionnement	sans source	
ecrans-brennar-6.html	77	㉜	ce qu’on commande, et à qui	sans source	
ecrans-brennar-6.html	77	㉜	Lt. Hara	nom de fiction	
ecrans-brennar-6.html	77	㉜	depuis 6 jours	sans source	
ecrans-brennar-6.html	77	㉜	La chaleur	fragment servi	
ecrans-brennar-6.html	77	㉜	ce qu’on fait quand la ville s’échauffe	sans source	
ecrans-brennar-6.html	77	㉜	vous	sans source	
ecrans-brennar-6.html	77	㉜	vous la faites	sans source	
ecrans-brennar-6.html	77	㉜	Vous avez déjà confié	sans source	
ecrans-brennar-6.html	77	㉜	l’embauche	sans source	
ecrans-brennar-6.html	77	㉜	ce matin.	sans source	
ecrans-brennar-6.html	77	㉜	EN CONFIER UNE	sans source	
ecrans-brennar-6.html	77	㉜	plus de décision aujourd’hui	sans source	
ecrans-brennar-6.html	77	㉜	Une seule décision de structure par journée	sans source	
ecrans-brennar-6.html	77	㉜	, confier et reprendre comprises. Ce n’est pas une limite d’énergie : c’est pour qu’une maison ne se redessine pas entièrement en un après-midi.	sans source	
ecrans-brennar-6.html	78	㉜	Ce qui n’est pas encore à confier	sans source	
ecrans-brennar-6.html	78	㉜	Huit autres charges existent dans le jeu. Personne ne les tient encore.	sans source	
ecrans-brennar-6.html	78	㉜	Existent, mais personne n’y touche	sans source	
ecrans-brennar-6.html	78	㉜	Le Lek	sans source	
ecrans-brennar-6.html	78	㉜	les contestations de coin	sans source	
ecrans-brennar-6.html	78	㉜	rien derrière	servi	delegation.bloc.rien_derriere
ecrans-brennar-6.html	78	㉜	Le blanchiment	sans source	
ecrans-brennar-6.html	78	㉜	faire rentrer l’argent	sans source	
ecrans-brennar-6.html	78	㉜	rien derrière	servi	delegation.bloc.rien_derriere
ecrans-brennar-6.html	78	㉜	Le réoutillage	sans source	
ecrans-brennar-6.html	78	㉜	changer ce que produit un site	sans source	
ecrans-brennar-6.html	78	㉜	rien derrière	servi	delegation.bloc.rien_derriere
ecrans-brennar-6.html	78	㉜	La topologie du réseau	sans source	
ecrans-brennar-6.html	78	㉜	redessiner les routes	sans source	
ecrans-brennar-6.html	78	㉜	rien derrière	servi	delegation.bloc.rien_derriere
ecrans-brennar-6.html	78	㉜	L’architecture de délégation	sans source	
ecrans-brennar-6.html	78	㉜	déléguer la délégation elle-même	sans source	
ecrans-brennar-6.html	78	㉜	rien derrière	servi	delegation.bloc.rien_derriere
ecrans-brennar-6.html	78	㉜	Le dessin du réseau Lek	sans source	
ecrans-brennar-6.html	78	㉜	où poser les coins	sans source	
ecrans-brennar-6.html	78	㉜	rien derrière	servi	delegation.bloc.rien_derriere
ecrans-brennar-6.html	78	㉜	Huit charges existent dans le jeu et	sans source	
ecrans-brennar-6.html	78	㉜	personne n’y touche encore	sans source	
ecrans-brennar-6.html	78	㉜	Elles existent, mais	sans source	
ecrans-brennar-6.html	78	㉜	il n’y a rien derrière	sans source	
ecrans-brennar-6.html	78	㉜	— ni pour les confier, ni même pour les voir bouger. Tant que c’est le cas, la délégation ne porte que sur	sans source	
ecrans-brennar-6.html	78	㉜	quatre	servi	exceptions.nombre.quatre
ecrans-brennar-6.html	78	㉜	choses.	sans source	
ecrans-brennar-6.html	79	㉝	L’organisation frotte	sans source	
ecrans-brennar-6.html	79	㉝	Plus vous tenez de choses, plus elles se gênent entre elles.	sans source	
ecrans-brennar-6.html	79	㉝	7	nombre	
ecrans-brennar-6.html	79	㉝	Ça grince partout	sans source	
ecrans-brennar-6.html	79	㉝	7 endroits se gênent entre eux. Chacun coûte un peu de ce que les autres rapportent.	sans source	
ecrans-brennar-6.html	79	㉝	Tout produit moins en ce moment.	sans source	
ecrans-brennar-6.html	79	㉝	Tant que ça grince, chaque site rend en dessous de ce qu’il devrait. Ça s’arrête quand on allège.	sans source	
ecrans-brennar-6.html	79	㉝	Lt. Rin :	nom de fiction	
ecrans-brennar-6.html	79	㉝	« On a trop de choses au même endroit. Il va falloir en enlever une. »	sans source	
ecrans-brennar-6.html	79	㉝	VOIR CE QUI COÛTE LE PLUS	sans source	
ecrans-brennar-6.html	79	㉝	site par site	sans source	
ecrans-brennar-6.html	80	㉝	Ce bâtiment vous coûte	sans source	
ecrans-brennar-6.html	80	㉝	Ce qu’il rapporte, ce qu’il gêne, et ce qu’il coûterait de le raser.	sans source	
ecrans-brennar-6.html	80	㉝	Imprimerie Skeld — Les Friches, îlot 1604	servi	game.fiction.building.name
ecrans-brennar-6.html	80	㉝	fiche du site	servi	demolition.ecran.fiche_du_site
ecrans-brennar-6.html	80	㉝	ce qu’il rapporte	sans source	
ecrans-brennar-6.html	80	㉝	presque rien	sans source	
ecrans-brennar-6.html	80	㉝	ce qu’il gêne autour	sans source	
ecrans-brennar-6.html	80	㉝	ça grince partout	sans source	
ecrans-brennar-6.html	80	㉝	au total	sans source	
ecrans-brennar-6.html	80	㉝	il coûte plus qu’il ne rapporte	sans source	
ecrans-brennar-6.html	80	㉝	le raser coûterait	sans source	
ecrans-brennar-6.html	80	㉝	raisonnable	sans source	
ecrans-brennar-6.html	80	㉝	voisins touchés	sans source	
ecrans-brennar-6.html	80	㉝	3	nombre	
ecrans-brennar-6.html	80	㉝	Il vous coûte plus qu’il ne vous rapporte.	servi	demolition.ecran.il_vous_coute_plus_qu_il_ne_vous_rapporte
ecrans-brennar-6.html	80	㉝	Le garder, c’est payer pour gêner les autres.	servi	demolition.ecran.le_garder_c_est_payer_pour_gener_les_autres
ecrans-brennar-6.html	80	㉝	Lt. Rin :	nom de fiction	
ecrans-brennar-6.html	80	㉝	« Celui-là, on le garde par habitude. Il gêne les trois d’à côté et il ne rend presque rien. »	sans source	
ecrans-brennar-6.html	80	㉝	LE RASER	sans source	
ecrans-brennar-6.html	80	㉝	c’est votre décision du jour	sans source	
ecrans-brennar-6.html	81	㉝	Le raser	sans source	
ecrans-brennar-6.html	81	㉝	La parcelle sera libre. Les voisins le sentiront.	sans source	
ecrans-brennar-6.html	81	㉝	Imprimerie Skeld — Les Friches, îlot 1604	servi	game.fiction.building.name
ecrans-brennar-6.html	81	㉝	fiche du site	servi	demolition.ecran.fiche_du_site
ecrans-brennar-6.html	81	㉝	ce qu’il rapporte	sans source	
ecrans-brennar-6.html	81	㉝	presque rien	sans source	
ecrans-brennar-6.html	81	㉝	ce qu’il gêne autour	sans source	
ecrans-brennar-6.html	81	㉝	ça grince partout	sans source	
ecrans-brennar-6.html	81	㉝	au total	sans source	
ecrans-brennar-6.html	81	㉝	il coûte plus qu’il ne rapporte	sans source	
ecrans-brennar-6.html	81	㉝	le raser coûterait	sans source	
ecrans-brennar-6.html	81	㉝	raisonnable	sans source	
ecrans-brennar-6.html	81	㉝	voisins touchés	sans source	
ecrans-brennar-6.html	81	㉝	3	nombre	
ecrans-brennar-6.html	81	㉝	Il vous coûte plus qu’il ne vous rapporte.	servi	demolition.ecran.il_vous_coute_plus_qu_il_ne_vous_rapporte
ecrans-brennar-6.html	81	㉝	Le garder, c’est payer pour gêner les autres.	servi	demolition.ecran.le_garder_c_est_payer_pour_gener_les_autres
ecrans-brennar-6.html	81	㉝	Une fois rasé,	sans source	
ecrans-brennar-6.html	81	㉝	on ne le remet pas	sans source	
ecrans-brennar-6.html	81	㉝	. La parcelle restera libre le temps de choisir quoi y mettre.	sans source	
ecrans-brennar-6.html	81	㉝	CONFIRMER — LE RASER	sans source	
ecrans-brennar-6.html	81	㉝	et libérer la parcelle	sans source	
ecrans-brennar-6.html	82	㉝	Le raser	sans source	
ecrans-brennar-6.html	82	㉝	La parcelle sera libre. Les voisins le sentiront.	sans source	
ecrans-brennar-6.html	82	㉝	Imprimerie Skeld — Les Friches, îlot 1604	servi	game.fiction.building.name
ecrans-brennar-6.html	82	㉝	fiche du site	servi	demolition.ecran.fiche_du_site
ecrans-brennar-6.html	82	㉝	ce qu’il rapporte	sans source	
ecrans-brennar-6.html	82	㉝	presque rien	sans source	
ecrans-brennar-6.html	82	㉝	ce qu’il gêne autour	sans source	
ecrans-brennar-6.html	82	㉝	ça grince partout	sans source	
ecrans-brennar-6.html	82	㉝	au total	sans source	
ecrans-brennar-6.html	82	㉝	il coûte plus qu’il ne rapporte	sans source	
ecrans-brennar-6.html	82	㉝	le raser coûterait	sans source	
ecrans-brennar-6.html	82	㉝	raisonnable	sans source	
ecrans-brennar-6.html	82	㉝	voisins touchés	sans source	
ecrans-brennar-6.html	82	㉝	3	nombre	
ecrans-brennar-6.html	82	㉝	Il vous coûte plus qu’il ne vous rapporte.	servi	demolition.ecran.il_vous_coute_plus_qu_il_ne_vous_rapporte
ecrans-brennar-6.html	82	㉝	Le garder, c’est payer pour gêner les autres.	servi	demolition.ecran.le_garder_c_est_payer_pour_gener_les_autres
ecrans-brennar-6.html	82	㉝	Vous avez déjà tranché une chose de structure aujourd’hui.	sans source	
ecrans-brennar-6.html	82	㉝	CONFIRMER — LE RASER	sans source	
ecrans-brennar-6.html	82	㉝	plus de décision aujourd’hui	sans source	
ecrans-brennar-6.html	82	㉝	Raser un site compte comme	sans source	
ecrans-brennar-6.html	82	㉝	la décision de structure du jour	sans source	
ecrans-brennar-6.html	82	㉝	, au même titre que confier ou reprendre une charge. Ce sera pour demain.	sans source	
ecrans-brennar-6.html	83	㉝	La parcelle est libre	sans source	
ecrans-brennar-6.html	83	㉝	Deux offres, classées. Elles ne restent pas ouvertes longtemps.	sans source	
ecrans-brennar-6.html	83	㉝	Parcelle libre — Les Friches, îlot 1604	servi	game.fiction.building.name
ecrans-brennar-6.html	83	㉝	ce qu’il y avait là n’y est plus. 3 voisins ont respiré.	sans source	
ecrans-brennar-6.html	83	㉝	Ce qu’on peut y mettre	servi	demolition.ecran.ce_qu_on_peut_y_mettre
ecrans-brennar-6.html	83	㉝	1	nombre	
ecrans-brennar-6.html	83	㉝	Un entrepôt	sans source	
ecrans-brennar-6.html	83	㉝	proche des routes déjà tenues — peu de friction	sans source	
ecrans-brennar-6.html	83	㉝	LE MIEUX PLACÉ	sans source	
ecrans-brennar-6.html	83	㉝	2	nombre	
ecrans-brennar-6.html	83	㉝	Une façade	sans source	
ecrans-brennar-6.html	83	㉝	plus discret, mais loin de tout	sans source	
ecrans-brennar-6.html	83	㉝	AUTRE OPTION	sans source	
ecrans-brennar-6.html	83	㉝	Lt. Rin :	nom de fiction	
ecrans-brennar-6.html	83	㉝	« Deux propositions. La première est mieux placée. Elles ne resteront pas sur la table. »	sans source	
ecrans-brennar-6.html	83	㉝	PRENDRE LA PREMIÈRE	sans source	
ecrans-brennar-6.html	83	㉝	l’entrepôt, près des routes tenues	sans source	
ecrans-brennar-6.html	84	㉝	Cette offre est fermée	sans source	
ecrans-brennar-6.html	84	㉝	On a trop attendu, ou quelqu’un l’a prise avant.	sans source	
ecrans-brennar-6.html	84	㉝	Parcelle libre — Les Friches, îlot 1604	servi	game.fiction.building.name
ecrans-brennar-6.html	84	㉝	ce qu’il y avait là n’y est plus. 3 voisins ont respiré.	sans source	
ecrans-brennar-6.html	84	㉝	Ce qu’on peut y mettre	servi	demolition.ecran.ce_qu_on_peut_y_mettre
ecrans-brennar-6.html	84	㉝	1	nombre	
ecrans-brennar-6.html	84	㉝	Un entrepôt	sans source	
ecrans-brennar-6.html	84	㉝	proche des routes déjà tenues — peu de friction	sans source	
ecrans-brennar-6.html	84	㉝	DÉJÀ PRISE	fragment servi	
ecrans-brennar-6.html	84	㉝	2	nombre	
ecrans-brennar-6.html	84	㉝	Une façade	sans source	
ecrans-brennar-6.html	84	㉝	plus discret, mais loin de tout	sans source	
ecrans-brennar-6.html	84	㉝	AUTRE OPTION	sans source	
ecrans-brennar-6.html	84	㉝	Lt. Rin :	nom de fiction	
ecrans-brennar-6.html	84	㉝	« Trop tard pour celle-là. »	sans source	
ecrans-brennar-6.html	84	㉝	PRENDRE L’AUTRE	sans source	
ecrans-brennar-6.html	84	㉝	tant qu’elle est encore là	sans source	
ecrans-brennar-6.html	84	㉝	Une offre de remplacement	sans source	
ecrans-brennar-6.html	84	㉝	se ferme	sans source	
ecrans-brennar-6.html	84	㉝	— prise, expirée, ou retirée. Ce n’est pas une liste qui attend.	sans source	
ecrans-brennar-6.html	85	㉞	Les ordres de ce soir	servi	carnet.bloc.les_ordres_de_ce_soir
ecrans-brennar-6.html	85	㉞	Entre quatre et huit gestes, dans l’ordre où ils partiront.	servi	carnet.bloc.entre_quatre_et_huit_gestes_dans_l_ordre_ou_ils_partiront
ecrans-brennar-6.html	85	㉞	Carnet du soir	servi	carnet.bloc.carnet_du_soir
ecrans-brennar-6.html	85	㉞	5 ordres sur 8	sans source	
ecrans-brennar-6.html	85	㉞	1	nombre	
ecrans-brennar-6.html	85	㉞	Lancer une cuisson	sans source	
ecrans-brennar-6.html	85	㉞	à Atelier Vesk (Hautes-Marches)	sans source	
ecrans-brennar-6.html	85	㉞	2	nombre	
ecrans-brennar-6.html	85	㉞	Commander du pyralin	sans source	
ecrans-brennar-6.html	85	㉞	chez le fournisseur	servi	exceptions.bloc.chez_enseigne
ecrans-brennar-6.html	85	㉞	3	nombre	
ecrans-brennar-6.html	85	㉞	Envoyer un coursier	sans source	
ecrans-brennar-6.html	85	㉞	vers Clés-Minute Rook (Le Treillis)	sans source	
ecrans-brennar-6.html	85	㉞	4	nombre	
ecrans-brennar-6.html	85	㉞	Passer voir Lt. Hara	sans source	
ecrans-brennar-6.html	85	㉞	la tournée du soir	sans source	
ecrans-brennar-6.html	85	㉞	5	nombre	
ecrans-brennar-6.html	85	㉞	Régler l’ardoise	sans source	
ecrans-brennar-6.html	85	㉞	du bar de Verge	sans source	
ecrans-brennar-6.html	85	㉞	6	nombre	
ecrans-brennar-6.html	85	㉞	— rien —	servi	carnet.bloc.rien
ecrans-brennar-6.html	85	㉞	7	nombre	
ecrans-brennar-6.html	85	㉞	— rien —	servi	carnet.bloc.rien
ecrans-brennar-6.html	85	㉞	8	nombre	
ecrans-brennar-6.html	85	㉞	— rien —	servi	carnet.bloc.rien
ecrans-brennar-6.html	85	㉞	Lt. Rin :	nom de fiction	
ecrans-brennar-6.html	85	㉞	« Cinq ordres. On peut en mettre trois de plus, ou partir comme ça. »	sans source	
ecrans-brennar-6.html	85	㉞	LANCER LA SOIRÉE	sans source	
ecrans-brennar-6.html	85	㉞	une fois partie, on ne la reprend pas	sans source	
ecrans-brennar-6.html	86	㉞	Deux ordres s’attendent l’un l’autre	sans source	
ecrans-brennar-6.html	86	㉞	Aucun des deux ne peut partir en premier.	sans source	
ecrans-brennar-6.html	86	㉞	Carnet du soir	servi	carnet.bloc.carnet_du_soir
ecrans-brennar-6.html	86	㉞	5 ordres sur 8	sans source	
ecrans-brennar-6.html	86	㉞	1	nombre	
ecrans-brennar-6.html	86	㉞	Lancer une cuisson	sans source	
ecrans-brennar-6.html	86	㉞	à Atelier Vesk (Hautes-Marches)	sans source	
ecrans-brennar-6.html	86	㉞	2	nombre	
ecrans-brennar-6.html	86	㉞	Commander du pyralin	sans source	
ecrans-brennar-6.html	86	㉞	chez le fournisseur	servi	exceptions.bloc.chez_enseigne
ecrans-brennar-6.html	86	㉞	3	nombre	
ecrans-brennar-6.html	86	㉞	Envoyer un coursier	sans source	
ecrans-brennar-6.html	86	㉞	vers Clés-Minute Rook (Le Treillis)	sans source	
ecrans-brennar-6.html	86	㉞	4	nombre	
ecrans-brennar-6.html	86	㉞	Passer voir Lt. Hara	sans source	
ecrans-brennar-6.html	86	㉞	la tournée du soir	sans source	
ecrans-brennar-6.html	86	㉞	5	nombre	
ecrans-brennar-6.html	86	㉞	Régler l’ardoise	sans source	
ecrans-brennar-6.html	86	㉞	du bar de Verge	sans source	
ecrans-brennar-6.html	86	㉞	6	nombre	
ecrans-brennar-6.html	86	㉞	— rien —	servi	carnet.bloc.rien
ecrans-brennar-6.html	86	㉞	7	nombre	
ecrans-brennar-6.html	86	㉞	— rien —	servi	carnet.bloc.rien
ecrans-brennar-6.html	86	㉞	8	nombre	
ecrans-brennar-6.html	86	㉞	— rien —	servi	carnet.bloc.rien
ecrans-brennar-6.html	86	㉞	Le 2 attend le 4, et le 4 attend le 2.	sans source	
ecrans-brennar-6.html	86	㉞	Il faut en détacher un des deux, sinon la soirée ne démarre pas.	sans source	
ecrans-brennar-6.html	86	㉞	Lt. Rin :	nom de fiction	
ecrans-brennar-6.html	86	㉞	« Ça ne peut pas marcher. Chacun attend l’autre. »	sans source	
ecrans-brennar-6.html	86	㉞	LANCER LA SOIRÉE	sans source	
ecrans-brennar-6.html	86	㉞	deux ordres se bloquent	sans source	
ecrans-brennar-6.html	87	㉞	Un endroit n’a pas fini de se poser	sans source	
ecrans-brennar-6.html	87	㉞	Ce qu’on y a changé n’a pas encore pris.	sans source	
ecrans-brennar-6.html	87	㉞	Carnet du soir	servi	carnet.bloc.carnet_du_soir
ecrans-brennar-6.html	87	㉞	4 ordres sur 8	sans source	
ecrans-brennar-6.html	87	㉞	1	nombre	
ecrans-brennar-6.html	87	㉞	Lancer une cuisson	sans source	
ecrans-brennar-6.html	87	㉞	à Atelier Vesk (Hautes-Marches)	sans source	
ecrans-brennar-6.html	87	㉞	2	nombre	
ecrans-brennar-6.html	87	㉞	Commander du pyralin	sans source	
ecrans-brennar-6.html	87	㉞	chez le fournisseur	servi	exceptions.bloc.chez_enseigne
ecrans-brennar-6.html	87	㉞	3	nombre	
ecrans-brennar-6.html	87	㉞	Envoyer un coursier	sans source	
ecrans-brennar-6.html	87	㉞	vers Clés-Minute Rook (Le Treillis)	sans source	
ecrans-brennar-6.html	87	㉞	4	nombre	
ecrans-brennar-6.html	87	㉞	Passer voir Lt. Hara	sans source	
ecrans-brennar-6.html	87	㉞	la tournée du soir	sans source	
ecrans-brennar-6.html	87	㉞	5	nombre	
ecrans-brennar-6.html	87	㉞	— rien —	servi	carnet.bloc.rien
ecrans-brennar-6.html	87	㉞	6	nombre	
ecrans-brennar-6.html	87	㉞	— rien —	servi	carnet.bloc.rien
ecrans-brennar-6.html	87	㉞	7	nombre	
ecrans-brennar-6.html	87	㉞	— rien —	servi	carnet.bloc.rien
ecrans-brennar-6.html	87	㉞	8	nombre	
ecrans-brennar-6.html	87	㉞	— rien —	servi	carnet.bloc.rien
ecrans-brennar-6.html	87	㉞	Atelier Vesk — Hautes-Marches, îlot 412 n’a pas fini de se poser.	servi	game.fiction.building.name
ecrans-brennar-6.html	87	㉞	On y a changé quelque chose et ça n’a pas encore pris. Soit on attend, soit on le dit explicitement et on assume.	sans source	
ecrans-brennar-6.html	87	㉞	Lt. Rin :	nom de fiction	
ecrans-brennar-6.html	87	㉞	« On peut y aller quand même, mais dites-le-moi clairement. »	sans source	
ecrans-brennar-6.html	87	㉞	Y ALLER QUAND MÊME	sans source	
ecrans-brennar-6.html	87	㉞	j’assume le site qui bouge encore	sans source	
ecrans-brennar-6.html	88	㉞	Rejouer une soirée	fragment servi	
ecrans-brennar-6.html	88	㉞	Une suite d’ordres qu’on a mise de côté et qu’on relance d’un geste.	sans source	
ecrans-brennar-6.html	88	㉞	Vos soirées mises de côté	sans source	
ecrans-brennar-6.html	88	㉞	La tournée courte	sans source	
ecrans-brennar-6.html	88	㉞	4 ordres · cuisson, appro, deux passages	sans source	
ecrans-brennar-6.html	88	㉞	REJOUER	sans source	
ecrans-brennar-6.html	88	㉞	Le grand soir	sans source	
ecrans-brennar-6.html	88	㉞	8 ordres · tout le circuit	sans source	
ecrans-brennar-6.html	88	㉞	REJOUER	sans source	
ecrans-brennar-6.html	88	㉞	Vous ne pouvez pas encore mettre une soirée de côté.	sans source	
ecrans-brennar-6.html	88	㉞	Cette façon de faire s’ouvre plus tard — il faut d’abord monter d’un palier.	fragment servi	
ecrans-brennar-6.html	88	㉞	Pour l’instant, chaque soirée se compose à la main.	sans source	
ecrans-brennar-6.html	88	㉞	METTRE CETTE SOIRÉE DE CÔTÉ	sans source	
ecrans-brennar-6.html	88	㉞	pas encore possible	sans source	
ecrans-brennar-6.html	89	㉞	Rejouer une soirée	fragment servi	
ecrans-brennar-6.html	89	㉞	Une suite d’ordres qu’on a mise de côté et qu’on relance d’un geste.	sans source	
ecrans-brennar-6.html	89	㉞	Vos soirées mises de côté	sans source	
ecrans-brennar-6.html	89	㉞	La tournée courte	sans source	
ecrans-brennar-6.html	89	㉞	4 ordres · cuisson, appro, deux passages	sans source	
ecrans-brennar-6.html	89	㉞	REJOUER	sans source	
ecrans-brennar-6.html	89	㉞	Le grand soir	sans source	
ecrans-brennar-6.html	89	㉞	8 ordres · tout le circuit	sans source	
ecrans-brennar-6.html	89	㉞	REJOUER	sans source	
ecrans-brennar-6.html	89	㉞	Lt. Rin :	nom de fiction	
ecrans-brennar-6.html	89	㉞	« La tournée courte, je la connais par cœur. Dites juste le mot. »	sans source	
ecrans-brennar-6.html	89	㉞	REJOUER « LA TOURNÉE COURTE »	sans source	
ecrans-brennar-6.html	89	㉞	quatre ordres d’un coup	sans source	
ecrans-brennar-6.html	90	㉞	Ce qui s’est passé en ville	sans source	
ecrans-brennar-6.html	90	㉞	Ce qui bouge dans les quartiers où vous avez quelque chose.	sans source	
ecrans-brennar-6.html	90	㉞	Dans vos quartiers	sans source	
ecrans-brennar-6.html	90	㉞	Une descente au Threnny	sans source	
ecrans-brennar-6.html	90	㉞	trois quartiers l’ont vue	sans source	
ecrans-brennar-6.html	90	㉞	VOUS Y ÉTIEZ	sans source	
ecrans-brennar-6.html	90	㉞	Un enterrement à Spine	sans source	
ecrans-brennar-6.html	90	㉞	la famille Coil y était	sans source	
ecrans-brennar-6.html	90	㉞	VOUS Y ÉTIEZ	sans source	
ecrans-brennar-6.html	90	㉞	Le pont du nord ferme	sans source	
ecrans-brennar-6.html	90	㉞	pour deux jours	sans source	
ecrans-brennar-6.html	90	㉞	Bagarre au marché	sans source	
ecrans-brennar-6.html	90	㉞	personne n’a rien vu	fragment servi	
ecrans-brennar-6.html	90	㉞	Ce qui se passe là où vous avez quelque chose.	sans source	
ecrans-brennar-6.html	90	㉞	Y être vu compte	sans source	
ecrans-brennar-6.html	90	㉞	, dans un sens comme dans l’autre.	sans source	
ecrans-brennar-6.html	90	㉞	ALLER À L’ENTERREMENT	sans source	
ecrans-brennar-6.html	90	㉞	on vous y verra	sans source	
ecrans-brennar-6.html	91	㉞	Ce qui arrive	sans source	
ecrans-brennar-6.html	91	㉞	Ce que la ville prépare, et ce qu’on peut faire contre.	sans source	
ecrans-brennar-6.html	91	㉞	Le conseil serre les docks	sans source	
ecrans-brennar-6.html	91	㉞	en cours	servi	accueil.etat.in_progress journal.bloc.en_cours accueil.etat.en_cours
ecrans-brennar-6.html	91	㉞	« Les contrôles doublent sur les quais nord. »	sans source	
ecrans-brennar-6.html	91	㉞	Ce qu’on peut faire :	sans source	
ecrans-brennar-6.html	91	㉞	Passer par le sud, ou attendre.	sans source	
ecrans-brennar-6.html	91	㉞	Élection au printemps	sans source	
ecrans-brennar-6.html	91	㉞	annoncé	sans source	
ecrans-brennar-6.html	91	㉞	« Tout le monde veut être vu propre. »	sans source	
ecrans-brennar-6.html	91	㉞	La ville ne vous prévient pas de tout — mais ce qui est	sans source	
ecrans-brennar-6.html	91	㉞	annoncé	sans source	
ecrans-brennar-6.html	91	㉞	, on peut s’y préparer.	sans source	
ecrans-brennar-6.html	91	㉞	Le calendrier ne donne	sans source	
ecrans-brennar-6.html	91	㉞	aucune date	sans source	
ecrans-brennar-6.html	91	㉞	: ni quand ça finit, ni quand ça a commencé. Seulement	sans source	
ecrans-brennar-6.html	91	㉞	ce qui est en cours	sans source	
ecrans-brennar-6.html	91	㉞	et	sans source	
ecrans-brennar-6.html	91	㉞	ce qui est annoncé	sans source	
ecrans-brennar-6.html	92	②	Un rendez-vous est pris	sans source	
ecrans-brennar-6.html	92	②	Un client du district du Verre vous attend.	sans source	
ecrans-brennar-6.html	92	②	RENDEZ-VOUS · DISTRICT DU VERRE	sans source	
ecrans-brennar-6.html	92	②	Verrerie Kestrel	sans source	
ecrans-brennar-6.html	92	②	RÉSERVÉ	servi	building.appointment.scheduled
ecrans-brennar-6.html	92	②	GAIN	servi	building.row.gain
ecrans-brennar-6.html	92	②	A	sans source	
ecrans-brennar-6.html	92	②	LA MARCHANDISE	fragment servi	
ecrans-brennar-6.html	92	②	pure · bon prix	sans source	
ecrans-brennar-6.html	92	②	AFFINÉE	sans source	
ecrans-brennar-6.html	92	②	1 passe	sans source	
ecrans-brennar-6.html	92	②	L’ATELIER	sans source	
ecrans-brennar-6.html	92	②	amélioré	sans source	
ecrans-brennar-6.html	93	②	Le rendez-vous est honoré	sans source	
ecrans-brennar-6.html	93	②	La marchandise est partie, le client a payé.	sans source	
ecrans-brennar-6.html	93	②	RENDEZ-VOUS · DISTRICT DU VERRE	sans source	
ecrans-brennar-6.html	93	②	Salon Aldrich	sans source	
ecrans-brennar-6.html	93	②	HONORÉ	servi	building.appointment.honored
ecrans-brennar-6.html	93	②	GAIN	servi	building.row.gain
ecrans-brennar-6.html	93	②	A	sans source	
ecrans-brennar-6.html	93	②	LA MARCHANDISE	fragment servi	
ecrans-brennar-6.html	93	②	cristalline · prix fort	sans source	
ecrans-brennar-6.html	93	②	AFFINÉE	sans source	
ecrans-brennar-6.html	93	②	3 passes	sans source	
ecrans-brennar-6.html	93	②	L’ATELIER	sans source	
ecrans-brennar-6.html	93	②	au meilleur niveau	sans source	
ecrans-brennar-6.html	94	②	Le rendez-vous est passé	sans source	
ecrans-brennar-6.html	94	②	Personne n’y est allé. Il faudra en reprendre un.	sans source	
ecrans-brennar-6.html	94	②	RENDEZ-VOUS · DISTRICT DU VERRE	sans source	
ecrans-brennar-6.html	94	②	Le Cintre	sans source	
ecrans-brennar-6.html	94	②	PASSÉ	servi	building.appointment.expired
ecrans-brennar-6.html	94	②	GAIN	servi	building.row.gain
ecrans-brennar-6.html	94	②	A	sans source	
ecrans-brennar-6.html	94	②	LA MARCHANDISE	fragment servi	
ecrans-brennar-6.html	94	②	coupée · bas prix	sans source	
ecrans-brennar-6.html	94	②	AFFINÉE	sans source	
ecrans-brennar-6.html	94	②	pas du tout	sans source	
ecrans-brennar-6.html	94	②	L’ATELIER	sans source	
ecrans-brennar-6.html	94	②	de base	sans source	
ecrans-brennar-6.html	95	㉒·⑲	Ruggiero	sans source	
ecrans-brennar-6.html	95	㉒·⑲	JOUR 26 · VOTRE COFFRE	sans source	
ecrans-brennar-6.html	95	㉒·⑲	24 850 €	nombre	
ecrans-brennar-6.html	95	㉒·⑲	ARGENT	sans source	
ecrans-brennar-6.html	95	㉒·⑲	50	nombre	
ecrans-brennar-6.html	95	㉒·⑲	JETONS	sans source	
ecrans-brennar-6.html	95	㉒·⑲	0	nombre	
ecrans-brennar-6.html	95	㉒·⑲	EXTRAS	sans source	
ecrans-brennar-6.html	95	㉒·⑲	1	nombre	
ecrans-brennar-6.html	95	㉒·⑲	PALIER	servi	horizon.bloc.palier
ecrans-brennar-6.html	95	㉒·⑲	Le compte	sans source	
ecrans-brennar-6.html	95	㉒·⑲	Aucune adresse au dossier	sans source	
ecrans-brennar-6.html	95	㉒·⑲	personne ne peut vous rendre le coffre si vous perdez la clé	sans source	
ecrans-brennar-6.html	95	㉒·⑲	Ce qui s’ouvre ensuite	sans source	
ecrans-brennar-6.html	95	㉒·⑲	les mots que la maison vous laissera employer	sans source	
ecrans-brennar-6.html	95	㉒·⑲	verrouillé	servi	accueil.etat.locked accueil.etat.verrouille
ecrans-brennar-6.html	95	㉒·⑲	Le jeu	sans source	
ecrans-brennar-6.html	95	㉒·⑲	La langue de la maison	sans source	
ecrans-brennar-6.html	95	㉒·⑲	réglée le jour où vous avez ouvert le compte	sans source	
ecrans-brennar-6.html	95	㉒·⑲	English	sans source	
ecrans-brennar-6.html	95	㉒·⑲	On vous explique encore	sans source	
ecrans-brennar-6.html	95	㉒·⑲	décochez le jour où vous n’avez plus besoin qu’on vous tienne la main	sans source	
ecrans-brennar-6.html	95	㉒·⑲	FERMER LE COFFRE	sans source	
ecrans-brennar-6.html	95	㉒·⑲	cette session seulement	sans source	
ecrans-brennar-6.html	96	㉒·⑲	Ruggiero	sans source	
ecrans-brennar-6.html	96	㉒·⑲	JOUR 26 · VOTRE COFFRE	sans source	
ecrans-brennar-6.html	96	㉒·⑲	24 850 €	nombre	
ecrans-brennar-6.html	96	㉒·⑲	ARGENT	sans source	
ecrans-brennar-6.html	96	㉒·⑲	0	nombre	
ecrans-brennar-6.html	96	㉒·⑲	JETONS	sans source	
ecrans-brennar-6.html	96	㉒·⑲	1	nombre	
ecrans-brennar-6.html	96	㉒·⑲	EXTRAS	sans source	
ecrans-brennar-6.html	96	㉒·⑲	2	nombre	
ecrans-brennar-6.html	96	㉒·⑲	PALIER	servi	horizon.bloc.palier
ecrans-brennar-6.html	96	㉒·⑲	Le compte	sans source	
ecrans-brennar-6.html	96	㉒·⑲	Une adresse au dossier	sans source	
ecrans-brennar-6.html	96	㉒·⑲	de quoi vous retrouver si vous perdez la clé	sans source	
ecrans-brennar-6.html	96	㉒·⑲	r•••@•••.fr	sans source	
ecrans-brennar-6.html	96	㉒·⑲	Ce qui s’ouvre ensuite	sans source	
ecrans-brennar-6.html	96	㉒·⑲	les mots que la maison vous laissera employer	sans source	
ecrans-brennar-6.html	96	㉒·⑲	en cours	servi	accueil.etat.in_progress journal.bloc.en_cours accueil.etat.en_cours
ecrans-brennar-6.html	96	㉒·⑲	Ce que vous possédez	sans source	
ecrans-brennar-6.html	96	㉒·⑲	Couleurs de nom	sans source	
ecrans-brennar-6.html	96	㉒·⑲	1	nombre	
ecrans-brennar-6.html	96	㉒·⑲	Le jeu	sans source	
ecrans-brennar-6.html	96	㉒·⑲	La langue de la maison	sans source	
ecrans-brennar-6.html	96	㉒·⑲	réglée le jour où vous avez ouvert le compte	sans source	
ecrans-brennar-6.html	96	㉒·⑲	Français	sans source	
ecrans-brennar-6.html	96	㉒·⑲	On vous explique encore	sans source	
ecrans-brennar-6.html	96	㉒·⑲	décochez le jour où vous n’avez plus besoin qu’on vous tienne la main	sans source	
ecrans-brennar-6.html	96	㉒·⑲	FERMER LE COFFRE	sans source	
ecrans-brennar-6.html	96	㉒·⑲	cette session seulement	sans source	
ecrans-brennar-6.html	97	㉒·⑲	Ruggiero	sans source	
ecrans-brennar-6.html	97	㉒·⑲	JOUR 26 · VOTRE COFFRE	sans source	
ecrans-brennar-6.html	97	㉒·⑲	24 850 €	nombre	
ecrans-brennar-6.html	97	㉒·⑲	ARGENT	sans source	
ecrans-brennar-6.html	97	㉒·⑲	0	nombre	
ecrans-brennar-6.html	97	㉒·⑲	JETONS	sans source	
ecrans-brennar-6.html	97	㉒·⑲	1	nombre	
ecrans-brennar-6.html	97	㉒·⑲	EXTRAS	sans source	
ecrans-brennar-6.html	97	㉒·⑲	1	nombre	
ecrans-brennar-6.html	97	㉒·⑲	PALIER	servi	horizon.bloc.palier
ecrans-brennar-6.html	97	㉒·⑲	Le compte	sans source	
ecrans-brennar-6.html	97	㉒·⑲	Le nom qu’on vous donne	sans source	
ecrans-brennar-6.html	97	㉒·⑲	en changer	sans source	
ecrans-brennar-6.html	97	㉒·⑲	L7	sans source	
ecrans-brennar-6.html	97	㉒·⑲	Ruggiero	sans source	
ecrans-brennar-6.html	97	㉒·⑲	L’adresse au dossier	sans source	
ecrans-brennar-6.html	97	㉒·⑲	la corriger	sans source	
ecrans-brennar-6.html	97	㉒·⑲	L7	sans source	
ecrans-brennar-6.html	97	㉒·⑲	r•••@•••.fr	sans source	
ecrans-brennar-6.html	97	㉒·⑲	Le jeu	sans source	
ecrans-brennar-6.html	97	㉒·⑲	Dire mes prix au marché	sans source	
ecrans-brennar-6.html	97	㉒·⑲	sans ça, le marché de région ne vous dit rien non plus	sans source	
ecrans-brennar-6.html	97	㉒·⑲	L1	sans source	
ecrans-brennar-6.html	97	㉒·⑲	La langue de la maison	sans source	
ecrans-brennar-6.html	97	㉒·⑲	français · anglais	sans source	
ecrans-brennar-6.html	97	㉒·⑲	L8	sans source	
ecrans-brennar-6.html	97	㉒·⑲	Français	sans source	
ecrans-brennar-6.html	97	㉒·⑲	Depuis ce matin	sans source	
ecrans-brennar-6.html	97	㉒·⑲	12 décisions · 4 exceptions tranchées · 1 engagement pris	sans source	
ecrans-brennar-6.html	97	㉒·⑲	L5	sans source	
ecrans-brennar-6.html	97	㉒·⑲	FERMER PARTOUT	sans source	
ecrans-brennar-6.html	97	㉒·⑲	toutes les sessions ouvertes · L11	sans source	
ecrans-brennar-6.html	97	㉒·⑲	TOUT EFFACER	sans source	
ecrans-brennar-6.html	97	㉒·⑲	et ne plus jamais revenir · L10	sans source	
ecrans-brennar-6.html	98	㉓	La Vitrine	sans source	
ecrans-brennar-6.html	98	㉓	50	nombre	
ecrans-brennar-6.html	98	㉓	JETONS	sans source	
ecrans-brennar-6.html	98	㉓	Les extras — payés en jetons	sans source	
ecrans-brennar-6.html	98	㉓	Couleurs de nom	sans source	
ecrans-brennar-6.html	98	㉓	Callsign Color Pack	sans source	
ecrans-brennar-6.html	98	㉓	50	nombre	
ecrans-brennar-6.html	98	㉓	Thème « Nuit au sodium »	sans source	
ecrans-brennar-6.html	98	㉓	Theme: Sodium Night	sans source	
ecrans-brennar-6.html	98	㉓	80	nombre	
ecrans-brennar-6.html	98	㉓	hors d’atteinte	sans source	
ecrans-brennar-6.html	98	㉓	2	nombre	
ecrans-brennar-6.html	98	㉓	Deuxième dossier	sans source	
ecrans-brennar-6.html	98	㉓	Extra Save Slot	sans source	
ecrans-brennar-6.html	98	㉓	100	nombre	
ecrans-brennar-6.html	98	㉓	hors d’atteinte	sans source	
ecrans-brennar-6.html	98	㉓	3	nombre	
ecrans-brennar-6.html	98	㉓	Troisième dossier	sans source	
ecrans-brennar-6.html	98	㉓	Third Save Slot	sans source	
ecrans-brennar-6.html	98	㉓	200	nombre	
ecrans-brennar-6.html	98	㉓	hors d’atteinte	sans source	
ecrans-brennar-6.html	98	㉓	Wexler	sans source	
ecrans-brennar-6.html	98	㉓	derrière le comptoir	sans source	
ecrans-brennar-6.html	98	㉓	« Ce qui est là est à vendre. Ce qui est trop cher pour vous, je le laisse en vitrine — ça vous fera un but. »	sans source	
ecrans-brennar-6.html	99	㉓	La Vitrine	sans source	
ecrans-brennar-6.html	99	㉓	50	nombre	
ecrans-brennar-6.html	99	㉓	JETONS	sans source	
ecrans-brennar-6.html	99	㉓	Les jetons — payés au magasin	sans source	
ecrans-brennar-6.html	99	㉓	100 jetons	sans source	
ecrans-brennar-6.html	99	㉓	Pack — 100 Marks	sans source	
ecrans-brennar-6.html	99	㉓	+ 100 jetons	sans source	
ecrans-brennar-6.html	99	㉓	PRIX DU MAGASIN	sans source	
ecrans-brennar-6.html	99	㉓	+20 %	nombre	
ecrans-brennar-6.html	99	㉓	de jetons	sans source	
ecrans-brennar-6.html	99	㉓	par euro	sans source	
ecrans-brennar-6.html	99	㉓	600 jetons	sans source	
ecrans-brennar-6.html	99	㉓	Pack — 600 Marks	sans source	
ecrans-brennar-6.html	99	㉓	+ 600 jetons	sans source	
ecrans-brennar-6.html	99	㉓	PRIX DU MAGASIN	sans source	
ecrans-brennar-6.html	99	㉓	+40 %	nombre	
ecrans-brennar-6.html	99	㉓	de jetons	sans source	
ecrans-brennar-6.html	99	㉓	par euro	sans source	
ecrans-brennar-6.html	99	㉓	1 400 jetons	sans source	
ecrans-brennar-6.html	99	㉓	Pack — 1400 Marks	sans source	
ecrans-brennar-6.html	99	㉓	+ 1 400 jetons	sans source	
ecrans-brennar-6.html	99	㉓	PRIX DU MAGASIN	sans source	
ecrans-brennar-6.html	99	㉓	+75 %	nombre	
ecrans-brennar-6.html	99	㉓	de jetons	sans source	
ecrans-brennar-6.html	99	㉓	par euro	sans source	
ecrans-brennar-6.html	99	㉓	3 500 jetons	sans source	
ecrans-brennar-6.html	99	㉓	Pack — 3500 Marks	sans source	
ecrans-brennar-6.html	99	㉓	+ 3 500 jetons	sans source	
ecrans-brennar-6.html	99	㉓	PRIX DU MAGASIN	sans source	
ecrans-brennar-6.html	99	㉓	B	sans source	
ecrans-brennar-6.html	99	㉓	Soutenir le studio	sans source	
ecrans-brennar-6.html	99	㉓	Studio Support Pack	sans source	
ecrans-brennar-6.html	99	㉓	+ 500 jetons	sans source	
ecrans-brennar-6.html	99	㉓	PRIX DU MAGASIN	sans source	
ecrans-brennar-6.html	99	㉓	Wexler	sans source	
ecrans-brennar-6.html	99	㉓	derrière le comptoir	sans source	
ecrans-brennar-6.html	99	㉓	« Les jetons, c’est dehors qu’on les achète. Moi je vous les compte, je ne les vends pas. »	sans source	
ecrans-brennar-6.html	100	㉓	La Vitrine	sans source	
ecrans-brennar-6.html	100	㉓	0	nombre	
ecrans-brennar-6.html	100	㉓	JETONS	sans source	
ecrans-brennar-6.html	100	㉓	Les extras — payés en jetons	sans source	
ecrans-brennar-6.html	100	㉓	ACQUIS	sans source	
ecrans-brennar-6.html	100	㉓	Couleurs de nom	sans source	
ecrans-brennar-6.html	100	㉓	Callsign Color Pack	sans source	
ecrans-brennar-6.html	100	㉓	Thème « Nuit au sodium »	sans source	
ecrans-brennar-6.html	100	㉓	Theme: Sodium Night	sans source	
ecrans-brennar-6.html	100	㉓	80	nombre	
ecrans-brennar-6.html	100	㉓	hors d’atteinte	sans source	
ecrans-brennar-6.html	100	㉓	2	nombre	
ecrans-brennar-6.html	100	㉓	Deuxième dossier	sans source	
ecrans-brennar-6.html	100	㉓	Extra Save Slot	sans source	
ecrans-brennar-6.html	100	㉓	100	nombre	
ecrans-brennar-6.html	100	㉓	hors d’atteinte	sans source	
ecrans-brennar-6.html	100	㉓	3	nombre	
ecrans-brennar-6.html	100	㉓	Troisième dossier	sans source	
ecrans-brennar-6.html	100	㉓	Third Save Slot	sans source	
ecrans-brennar-6.html	100	㉓	200	nombre	
ecrans-brennar-6.html	100	㉓	hors d’atteinte	sans source	
ecrans-brennar-6.html	100	㉓	Wexler	sans source	
ecrans-brennar-6.html	100	㉓	derrière le comptoir	sans source	
ecrans-brennar-6.html	100	㉓	« Vous avez tout claqué d’un coup. Ce qui reste au mur, vous ne l’aurez pas avec de la bonne volonté. »	sans source	
ecrans-brennar-6.html	101	㉑	LE MARCHÉ	sans source	
ecrans-brennar-6.html	101	㉑	tableau du Verge d’Or	sans source	
ecrans-brennar-6.html	101	㉑	03	nombre	
ecrans-brennar-6.html	101	㉑	/72	nombre	
ecrans-brennar-6.html	101	㉑	lignes connues	sans source	
ecrans-brennar-6.html	101	㉑	01	nombre	
ecrans-brennar-6.html	101	㉑	sûres	sans source	
ecrans-brennar-6.html	101	㉑	15	nombre	
ecrans-brennar-6.html	101	㉑	quartiers noirs	sans source	
ecrans-brennar-6.html	101	㉑	quartier	sans source	
ecrans-brennar-6.html	101	㉑	brindle	servi	building.substance.brindle
ecrans-brennar-6.html	101	㉑	crick	servi	building.substance.crick
ecrans-brennar-6.html	101	㉑	hush	servi	building.substance.hush
ecrans-brennar-6.html	101	㉑	ash	servi	building.substance.ash
ecrans-brennar-6.html	101	㉑	Les Bassins	nom de fiction	
ecrans-brennar-6.html	101	㉑	Quai-Nord	nom de fiction	
ecrans-brennar-6.html	101	㉑	Sarnes	nom de fiction	
ecrans-brennar-6.html	101	㉑	La Colonne	nom de fiction	
ecrans-brennar-6.html	101	㉑	Hautes-Marches	nom de fiction	
ecrans-brennar-6.html	101	㉑	Verrier	nom de fiction	
ecrans-brennar-6.html	101	㉑	Saint-Brand	nom de fiction	
ecrans-brennar-6.html	101	㉑	Les Entrepôts	nom de fiction	
ecrans-brennar-6.html	101	㉑	Dépôt-Est	nom de fiction	
ecrans-brennar-6.html	101	㉑	Le Treillis	nom de fiction	
ecrans-brennar-6.html	101	㉑	Marne-Basse	nom de fiction	
ecrans-brennar-6.html	101	㉑	Le Verre	nom de fiction	
ecrans-brennar-6.html	101	㉑	Orsel	nom de fiction	
ecrans-brennar-6.html	101	㉑	Place des Comptes	nom de fiction	
ecrans-brennar-6.html	101	㉑	La Lisière	nom de fiction	
ecrans-brennar-6.html	101	㉑	La Chancellerie	nom de fiction	
ecrans-brennar-6.html	101	㉑	Les Friches	nom de fiction	
ecrans-brennar-6.html	101	㉑	Pont-Gris	nom de fiction	
ecrans-brennar-6.html	101	㉑	crick · extrait de racine	sans source	
ecrans-brennar-6.html	101	㉑	Trois lignes sur soixante-douze. Le reste,	sans source	
ecrans-brennar-6.html	101	㉑	personne des nôtres n’y a jamais traité.	sans source	
ecrans-brennar-6.html	101	㉑	brindle	servi	building.substance.brindle
ecrans-brennar-6.html	101	㉑	briques	sans source	
ecrans-brennar-6.html	101	㉑	crick	servi	building.substance.crick
ecrans-brennar-6.html	101	㉑	cristaux	sans source	
ecrans-brennar-6.html	101	㉑	hush	servi	building.substance.hush
ecrans-brennar-6.html	101	㉑	plaque	sans source	
ecrans-brennar-6.html	101	㉑	ash	servi	building.substance.ash
ecrans-brennar-6.html	101	㉑	prismes	sans source	
ecrans-brennar-6.html	102	㉑	LE MARCHÉ	sans source	
ecrans-brennar-6.html	102	㉑	tableau du Verge d’Or	sans source	
ecrans-brennar-6.html	102	㉑	quartier	sans source	
ecrans-brennar-6.html	102	㉑	brindle	servi	building.substance.brindle
ecrans-brennar-6.html	102	㉑	crick	servi	building.substance.crick
ecrans-brennar-6.html	102	㉑	hush	servi	building.substance.hush
ecrans-brennar-6.html	102	㉑	ash	servi	building.substance.ash
ecrans-brennar-6.html	102	㉑	Les Bassins	nom de fiction	
ecrans-brennar-6.html	102	㉑	Quai-Nord	nom de fiction	
ecrans-brennar-6.html	102	㉑	Sarnes	nom de fiction	
ecrans-brennar-6.html	102	㉑	La Colonne	nom de fiction	
ecrans-brennar-6.html	102	㉑	Hautes-Marches	nom de fiction	
ecrans-brennar-6.html	102	㉑	Verrier	nom de fiction	
ecrans-brennar-6.html	102	㉑	Saint-Brand	nom de fiction	
ecrans-brennar-6.html	102	㉑	Les Entrepôts	nom de fiction	
ecrans-brennar-6.html	102	㉑	Dépôt-Est	nom de fiction	
ecrans-brennar-6.html	102	㉑	Le Treillis	nom de fiction	
ecrans-brennar-6.html	102	㉑	Marne-Basse	nom de fiction	
ecrans-brennar-6.html	102	㉑	Le Verre	nom de fiction	
ecrans-brennar-6.html	102	㉑	Orsel	nom de fiction	
ecrans-brennar-6.html	102	㉑	Place des Comptes	nom de fiction	
ecrans-brennar-6.html	102	㉑	La Lisière	nom de fiction	
ecrans-brennar-6.html	102	㉑	La Chancellerie	nom de fiction	
ecrans-brennar-6.html	102	㉑	Les Friches	nom de fiction	
ecrans-brennar-6.html	102	㉑	Pont-Gris	nom de fiction	
ecrans-brennar-6.html	102	㉑	crick · extrait de racine	sans source	
ecrans-brennar-6.html	102	㉑	DÉPÔT-EST · RECOUPÉ	sans source	
ecrans-brennar-6.html	102	㉑	deux sources concordantes — ni une rumeur, ni une certitude. On ne vous dira	sans source	
ecrans-brennar-6.html	102	㉑	pas le prix	sans source	
ecrans-brennar-6.html	102	㉑	, ni ce qui s’écoule : seulement à quel point on peut s’y fier.	sans source	
ecrans-brennar-6.html	102	㉑	brindle	servi	building.substance.brindle
ecrans-brennar-6.html	102	㉑	briques	sans source	
ecrans-brennar-6.html	102	㉑	crick	servi	building.substance.crick
ecrans-brennar-6.html	102	㉑	cristaux	sans source	
ecrans-brennar-6.html	102	㉑	hush	servi	building.substance.hush
ecrans-brennar-6.html	102	㉑	plaque	sans source	
ecrans-brennar-6.html	102	㉑	ash	servi	building.substance.ash
ecrans-brennar-6.html	102	㉑	prismes	sans source	
ecrans-brennar-6.html	103	㉑	LE MARCHÉ	sans source	
ecrans-brennar-6.html	103	㉑	tableau du Verge d’Or	sans source	
ecrans-brennar-6.html	103	㉑	quartier	sans source	
ecrans-brennar-6.html	103	㉑	brindle	servi	building.substance.brindle
ecrans-brennar-6.html	103	㉑	crick	servi	building.substance.crick
ecrans-brennar-6.html	103	㉑	hush	servi	building.substance.hush
ecrans-brennar-6.html	103	㉑	ash	servi	building.substance.ash
ecrans-brennar-6.html	103	㉑	Les Bassins	nom de fiction	
ecrans-brennar-6.html	103	㉑	Quai-Nord	nom de fiction	
ecrans-brennar-6.html	103	㉑	Sarnes	nom de fiction	
ecrans-brennar-6.html	103	㉑	La Colonne	nom de fiction	
ecrans-brennar-6.html	103	㉑	Hautes-Marches	nom de fiction	
ecrans-brennar-6.html	103	㉑	Verrier	nom de fiction	
ecrans-brennar-6.html	103	㉑	Saint-Brand	nom de fiction	
ecrans-brennar-6.html	103	㉑	Les Entrepôts	nom de fiction	
ecrans-brennar-6.html	103	㉑	Dépôt-Est	nom de fiction	
ecrans-brennar-6.html	103	㉑	Le Treillis	nom de fiction	
ecrans-brennar-6.html	103	㉑	Marne-Basse	nom de fiction	
ecrans-brennar-6.html	103	㉑	Le Verre	nom de fiction	
ecrans-brennar-6.html	103	㉑	Orsel	nom de fiction	
ecrans-brennar-6.html	103	㉑	Place des Comptes	nom de fiction	
ecrans-brennar-6.html	103	㉑	La Lisière	nom de fiction	
ecrans-brennar-6.html	103	㉑	La Chancellerie	nom de fiction	
ecrans-brennar-6.html	103	㉑	Les Friches	nom de fiction	
ecrans-brennar-6.html	103	㉑	Pont-Gris	nom de fiction	
ecrans-brennar-6.html	103	㉑	hush · résine de lull	servi	composé : building.substance.hush + building.precursor.lull_resin
ecrans-brennar-6.html	103	㉑	LA CHANCELLERIE · VOYANT ÉTEINT	sans source	
ecrans-brennar-6.html	103	㉑	aucun des nôtres n’a jamais rien écoulé là-bas. Ce n’est pas une ligne	sans source	
ecrans-brennar-6.html	103	㉑	à zéro	sans source	
ecrans-brennar-6.html	103	㉑	: c’est une ligne	sans source	
ecrans-brennar-6.html	103	㉑	jamais ouverte	sans source	
ecrans-brennar-6.html	103	㉑	. Elle s’allumera le jour où un de vos dealers y traitera.	sans source	
ecrans-brennar-6.html	103	㉑	brindle	servi	building.substance.brindle
ecrans-brennar-6.html	103	㉑	briques	sans source	
ecrans-brennar-6.html	103	㉑	crick	servi	building.substance.crick
ecrans-brennar-6.html	103	㉑	cristaux	sans source	
ecrans-brennar-6.html	103	㉑	hush	servi	building.substance.hush
ecrans-brennar-6.html	103	㉑	plaque	sans source	
ecrans-brennar-6.html	103	㉑	ash	servi	building.substance.ash
ecrans-brennar-6.html	103	㉑	prismes	sans source	
ecrans-brennar-6.html	104	㉑	LE MARCHÉ	sans source	
ecrans-brennar-6.html	104	㉑	tableau du Verge d’Or	sans source	
ecrans-brennar-6.html	104	㉑	03	nombre	
ecrans-brennar-6.html	104	㉑	/24	nombre	
ecrans-brennar-6.html	104	㉑	signaux de région	sans source	
ecrans-brennar-6.html	104	㉑	06	nombre	
ecrans-brennar-6.html	104	㉑	genres d’endroit	sans source	
ecrans-brennar-6.html	104	㉑	04	nombre	
ecrans-brennar-6.html	104	㉑	substances	sans source	
ecrans-brennar-6.html	104	㉑	genre	sans source	
ecrans-brennar-6.html	104	㉑	brindle	servi	building.substance.brindle
ecrans-brennar-6.html	104	㉑	crick	servi	building.substance.crick
ecrans-brennar-6.html	104	㉑	hush	servi	building.substance.hush
ecrans-brennar-6.html	104	㉑	ash	servi	building.substance.ash
ecrans-brennar-6.html	104	㉑	tidewater	nom de fiction	
ecrans-brennar-6.html	104	㉑	spine	nom de fiction	
ecrans-brennar-6.html	104	㉑	stack	nom de fiction	
ecrans-brennar-6.html	104	㉑	▲ MONTE	sans source	
ecrans-brennar-6.html	104	㉑	lattice	nom de fiction	
ecrans-brennar-6.html	104	㉑	glass	nom de fiction	
ecrans-brennar-6.html	104	㉑	▼ DESCEND	sans source	
ecrans-brennar-6.html	104	㉑	verge	nom de fiction	
ecrans-brennar-6.html	104	㉑	= TIENT	sans source	
ecrans-brennar-6.html	104	㉑	le tableau de région	sans source	
ecrans-brennar-6.html	104	㉑	Six genres d’endroit, pas dix-huit quartiers	sans source	
ecrans-brennar-6.html	104	㉑	les autres maisons ne parlent pas par quartier : elles parlent par	sans source	
ecrans-brennar-6.html	104	㉑	genre	sans source	
ecrans-brennar-6.html	104	㉑	. Et elles disent une direction, jamais un chiffre.	sans source	
ecrans-brennar-6.html	104	㉑	brindle	servi	building.substance.brindle
ecrans-brennar-6.html	104	㉑	briques	sans source	
ecrans-brennar-6.html	104	㉑	crick	servi	building.substance.crick
ecrans-brennar-6.html	104	㉑	cristaux	sans source	
ecrans-brennar-6.html	104	㉑	hush	servi	building.substance.hush
ecrans-brennar-6.html	104	㉑	plaque	sans source	
ecrans-brennar-6.html	104	㉑	ash	servi	building.substance.ash
ecrans-brennar-6.html	104	㉑	prismes	sans source	
ecrans-brennar-6.html	105	㉑	LE MARCHÉ	sans source	
ecrans-brennar-6.html	105	㉑	tableau du Verge d’Or	sans source	
ecrans-brennar-6.html	105	㉑	00	nombre	
ecrans-brennar-6.html	105	㉑	/24	nombre	
ecrans-brennar-6.html	105	㉑	signaux de région	sans source	
ecrans-brennar-6.html	105	㉑	vous ne dites rien	sans source	
ecrans-brennar-6.html	105	㉑	on ne dit rien	sans source	
ecrans-brennar-6.html	105	㉑	genre	sans source	
ecrans-brennar-6.html	105	㉑	brindle	servi	building.substance.brindle
ecrans-brennar-6.html	105	㉑	crick	servi	building.substance.crick
ecrans-brennar-6.html	105	㉑	hush	servi	building.substance.hush
ecrans-brennar-6.html	105	㉑	ash	servi	building.substance.ash
ecrans-brennar-6.html	105	㉑	tidewater	nom de fiction	
ecrans-brennar-6.html	105	㉑	spine	nom de fiction	
ecrans-brennar-6.html	105	㉑	stack	nom de fiction	
ecrans-brennar-6.html	105	㉑	lattice	nom de fiction	
ecrans-brennar-6.html	105	㉑	glass	nom de fiction	
ecrans-brennar-6.html	105	㉑	verge	nom de fiction	
ecrans-brennar-6.html	105	㉑	le mur	sans source	
ecrans-brennar-6.html	105	㉑	Vous ne dites pas vos prix	sans source	
ecrans-brennar-6.html	105	㉑	alors on ne vous dit pas les nôtres. Ça se rouvre au	sans source	
ecrans-brennar-6.html	105	㉑	Coffre	sans source	
ecrans-brennar-6.html	105	㉑	, tiroir « le jeu ».	sans source	
ecrans-brennar-6.html	106	㉑	LE MARCHÉ	sans source	
ecrans-brennar-6.html	106	㉑	tableau du Verge d’Or	sans source	
ecrans-brennar-6.html	106	㉑	03	nombre	
ecrans-brennar-6.html	106	㉑	/72	nombre	
ecrans-brennar-6.html	106	㉑	lignes connues	sans source	
ecrans-brennar-6.html	106	㉑	01	nombre	
ecrans-brennar-6.html	106	㉑	sûres	sans source	
ecrans-brennar-6.html	106	㉑	15	nombre	
ecrans-brennar-6.html	106	㉑	quartiers noirs	sans source	
ecrans-brennar-6.html	106	㉑	L1	sans source	
ecrans-brennar-6.html	106	㉑	maillon manquant	servi	filiere.bloc.maillon_manquant
ecrans-brennar-6.html	106	㉑	Le tableau s’allume d’un coup	sans source	
ecrans-brennar-6.html	106	㉑	aujourd’hui il faut interroger voyant par voyant : aucune route ne rend la liste	sans source	
ecrans-brennar-6.html	106	㉑	L2	sans source	
ecrans-brennar-6.html	106	㉑	maillon manquant	servi	filiere.bloc.maillon_manquant
ecrans-brennar-6.html	106	㉑	Ce qui s’écoule, et si ça bouchonne	sans source	
ecrans-brennar-6.html	106	㉑	trois mesures de plus existent en projection et rien ne les alimente	sans source	
ecrans-brennar-6.html	106	㉑	L3	sans source	
ecrans-brennar-6.html	106	㉑	maillon manquant	servi	filiere.bloc.maillon_manquant
ecrans-brennar-6.html	106	㉑	Les quartiers portent un nom	sans source	
ecrans-brennar-6.html	106	㉑	« Dépôt-Est » est une référence technique ; la ville n’a pas de noms de fiction	sans source	
ecrans-brennar-6.html	106	㉑	L4	sans source	
ecrans-brennar-6.html	106	㉑	maillon manquant	servi	filiere.bloc.maillon_manquant
ecrans-brennar-6.html	106	㉑	La région dit un prix	sans source	
ecrans-brennar-6.html	106	㉑	elle en connaît un, et cet écran a le droit de ne pas le montrer — ça, c’est vous qui le tranchez	sans source	
ecrans-brennar-6.html	106	㉑	brindle	servi	building.substance.brindle
ecrans-brennar-6.html	106	㉑	briques	sans source	
ecrans-brennar-6.html	106	㉑	crick	servi	building.substance.crick
ecrans-brennar-6.html	106	㉑	cristaux	sans source	
ecrans-brennar-6.html	106	㉑	hush	servi	building.substance.hush
ecrans-brennar-6.html	106	㉑	plaque	sans source	
ecrans-brennar-6.html	106	㉑	ash	servi	building.substance.ash
ecrans-brennar-6.html	106	㉑	prismes	sans source	
ecrans-brennar-6.html	107	㉟	La vente	sans source	
ecrans-brennar-6.html	107	㉟	qui vend, et ce qu’il y a dans la caisse	sans source	
ecrans-brennar-6.html	107	㉟	03	nombre	
ecrans-brennar-6.html	107	㉟	/6	nombre	
ecrans-brennar-6.html	107	㉟	au travail	servi	vente.bloc.au_travail
ecrans-brennar-6.html	107	㉟	03	nombre	
ecrans-brennar-6.html	107	㉟	caisses pleines	sans source	
ecrans-brennar-6.html	107	㉟	01	nombre	
ecrans-brennar-6.html	107	㉟	grillés	sans source	
ecrans-brennar-6.html	107	㉟	Oskar	nom de fiction	
ecrans-brennar-6.html	107	㉟	La Lisière · coin animé · cher	sans source	
ecrans-brennar-6.html	107	㉟	au travail	servi	vente.bloc.au_travail
ecrans-brennar-6.html	107	㉟	Mira	nom de fiction	
ecrans-brennar-6.html	107	㉟	Dépôt-Est · du passage · au-dessus	sans source	
ecrans-brennar-6.html	107	㉟	au travail	servi	vente.bloc.au_travail
ecrans-brennar-6.html	107	㉟	Joran	nom de fiction	
ecrans-brennar-6.html	107	㉟	Les Entrepôts · du passage · au tarif	sans source	
ecrans-brennar-6.html	107	㉟	au repos	servi	famille.opstate.au_repos district.revenue.idle vente.bloc.au_repos
ecrans-brennar-6.html	107	㉟	Tamsin	nom de fiction	
ecrans-brennar-6.html	107	㉟	Place des Comptes · coin animé · très cher	sans source	
ecrans-brennar-6.html	107	㉟	au travail	servi	vente.bloc.au_travail
ecrans-brennar-6.html	107	㉟	Ilse	nom de fiction	
ecrans-brennar-6.html	107	㉟	Orsel · coin mort · au tarif	sans source	
ecrans-brennar-6.html	107	㉟	grillé	servi	vente.bloc.grille
ecrans-brennar-6.html	107	㉟	Dov	nom de fiction	
ecrans-brennar-6.html	107	㉟	Les Friches · pas de coin ici · au tarif	sans source	
ecrans-brennar-6.html	107	㉟	pas là	servi	vente.bloc.pas_la
ecrans-brennar-6.html	107	㉟	AFFECTER UN DEALER	sans source	
ecrans-brennar-6.html	107	㉟	deux caisses sont déjà en haut de l’échelle —	sans source	
ecrans-brennar-6.html	107	㉟	et rien ne les vide	sans source	
ecrans-brennar-6.html	108	㉟	La vente	sans source	
ecrans-brennar-6.html	108	㉟	la caisse de Oskar	sans source	
ecrans-brennar-6.html	108	㉟	03	nombre	
ecrans-brennar-6.html	108	㉟	/6	nombre	
ecrans-brennar-6.html	108	㉟	au travail	servi	vente.bloc.au_travail
ecrans-brennar-6.html	108	㉟	03	nombre	
ecrans-brennar-6.html	108	㉟	caisses pleines	sans source	
ecrans-brennar-6.html	108	㉟	01	nombre	
ecrans-brennar-6.html	108	㉟	grillés	sans source	
ecrans-brennar-6.html	108	㉟	Oskar	nom de fiction	
ecrans-brennar-6.html	108	㉟	La Lisière · coin animé · cher	sans source	
ecrans-brennar-6.html	108	㉟	au travail	servi	vente.bloc.au_travail
ecrans-brennar-6.html	108	㉟	Mira	nom de fiction	
ecrans-brennar-6.html	108	㉟	Dépôt-Est · du passage · au-dessus	sans source	
ecrans-brennar-6.html	108	㉟	au travail	servi	vente.bloc.au_travail
ecrans-brennar-6.html	108	㉟	Joran	nom de fiction	
ecrans-brennar-6.html	108	㉟	Les Entrepôts · du passage · au tarif	sans source	
ecrans-brennar-6.html	108	㉟	au repos	servi	famille.opstate.au_repos district.revenue.idle vente.bloc.au_repos
ecrans-brennar-6.html	108	㉟	Tamsin	nom de fiction	
ecrans-brennar-6.html	108	㉟	Place des Comptes · coin animé · très cher	sans source	
ecrans-brennar-6.html	108	㉟	au travail	servi	vente.bloc.au_travail
ecrans-brennar-6.html	108	㉟	Oskar · La Lisière · coin animé	sans source	
ecrans-brennar-6.html	108	㉟	Caisse pleine à ras	sans source	
ecrans-brennar-6.html	108	㉟	il vend	sans source	
ecrans-brennar-6.html	108	㉟	brindle	servi	building.substance.brindle
ecrans-brennar-6.html	108	㉟	sur un coin animé,	sans source	
ecrans-brennar-6.html	108	㉟	cher	servi	vente.bloc.cher
ecrans-brennar-6.html	108	㉟	, et il travaille. Sa caisse est au dernier palier — au-delà, la bande ne monte plus.	sans source	
ecrans-brennar-6.html	108	㉟	RAMASSER LA CAISSE	sans source	
ecrans-brennar-6.html	109	㉟	La vente	sans source	
ecrans-brennar-6.html	109	㉟	le ramassage	sans source	
ecrans-brennar-6.html	109	㉟	03	nombre	
ecrans-brennar-6.html	109	㉟	/6	nombre	
ecrans-brennar-6.html	109	㉟	au travail	servi	vente.bloc.au_travail
ecrans-brennar-6.html	109	㉟	03	nombre	
ecrans-brennar-6.html	109	㉟	caisses pleines	sans source	
ecrans-brennar-6.html	109	㉟	01	nombre	
ecrans-brennar-6.html	109	㉟	grillés	sans source	
ecrans-brennar-6.html	109	㉟	Oskar	nom de fiction	
ecrans-brennar-6.html	109	㉟	La Lisière · coin animé · cher	sans source	
ecrans-brennar-6.html	109	㉟	au travail	servi	vente.bloc.au_travail
ecrans-brennar-6.html	109	㉟	Mira	nom de fiction	
ecrans-brennar-6.html	109	㉟	Dépôt-Est · du passage · au-dessus	sans source	
ecrans-brennar-6.html	109	㉟	au travail	servi	vente.bloc.au_travail
ecrans-brennar-6.html	109	㉟	Joran	nom de fiction	
ecrans-brennar-6.html	109	㉟	Les Entrepôts · du passage · au tarif	sans source	
ecrans-brennar-6.html	109	㉟	au repos	servi	famille.opstate.au_repos district.revenue.idle vente.bloc.au_repos
ecrans-brennar-6.html	109	㉟	Tamsin	nom de fiction	
ecrans-brennar-6.html	109	㉟	Place des Comptes · coin animé · très cher	sans source	
ecrans-brennar-6.html	109	㉟	au travail	servi	vente.bloc.au_travail
ecrans-brennar-6.html	109	㉟	le ramassage	sans source	
ecrans-brennar-6.html	109	㉟	Nulle part où la porter	sans source	
ecrans-brennar-6.html	109	㉟	ramasser une caisse veut dire la déposer dans une	sans source	
ecrans-brennar-6.html	109	㉟	planque	servi	district.type_batiment.planque building.type.cash_safehouse
ecrans-brennar-6.html	109	㉟	— et vous n’en avez aucune. Il n’existe aujourd’hui	sans source	
ecrans-brennar-6.html	109	㉟	aucun moyen d’en obtenir une	sans source	
ecrans-brennar-6.html	109	㉟	: l’argent reste chez le dealer.	sans source	
ecrans-brennar-6.html	109	㉟	RAMASSER — IMPOSSIBLE	sans source	
ecrans-brennar-6.html	110	㉟	La vente	sans source	
ecrans-brennar-6.html	110	㉟	Ilse s’est fait prendre	sans source	
ecrans-brennar-6.html	110	㉟	03	nombre	
ecrans-brennar-6.html	110	㉟	/6	nombre	
ecrans-brennar-6.html	110	㉟	au travail	servi	vente.bloc.au_travail
ecrans-brennar-6.html	110	㉟	03	nombre	
ecrans-brennar-6.html	110	㉟	caisses pleines	sans source	
ecrans-brennar-6.html	110	㉟	01	nombre	
ecrans-brennar-6.html	110	㉟	grillés	sans source	
ecrans-brennar-6.html	110	㉟	Oskar	nom de fiction	
ecrans-brennar-6.html	110	㉟	La Lisière · coin animé · cher	sans source	
ecrans-brennar-6.html	110	㉟	au travail	servi	vente.bloc.au_travail
ecrans-brennar-6.html	110	㉟	Mira	nom de fiction	
ecrans-brennar-6.html	110	㉟	Dépôt-Est · du passage · au-dessus	sans source	
ecrans-brennar-6.html	110	㉟	au travail	servi	vente.bloc.au_travail
ecrans-brennar-6.html	110	㉟	Joran	nom de fiction	
ecrans-brennar-6.html	110	㉟	Les Entrepôts · du passage · au tarif	sans source	
ecrans-brennar-6.html	110	㉟	au repos	servi	famille.opstate.au_repos district.revenue.idle vente.bloc.au_repos
ecrans-brennar-6.html	110	㉟	Tamsin	nom de fiction	
ecrans-brennar-6.html	110	㉟	Place des Comptes · coin animé · très cher	sans source	
ecrans-brennar-6.html	110	㉟	au travail	servi	vente.bloc.au_travail
ecrans-brennar-6.html	110	㉟	Ilse	nom de fiction	
ecrans-brennar-6.html	110	㉟	Orsel · coin mort · au tarif	sans source	
ecrans-brennar-6.html	110	㉟	grillé	servi	vente.bloc.grille
ecrans-brennar-6.html	110	㉟	Dov	nom de fiction	
ecrans-brennar-6.html	110	㉟	Les Friches · pas de coin ici · au tarif	sans source	
ecrans-brennar-6.html	110	㉟	pas là	servi	vente.bloc.pas_la
ecrans-brennar-6.html	110	㉟	Ilse · Orsel · coin mort	sans source	
ecrans-brennar-6.html	110	㉟	Grillé, et il s’est retiré	sans source	
ecrans-brennar-6.html	110	㉟	sa caisse était	sans source	
ecrans-brennar-6.html	110	㉟	bien remplie	sans source	
ecrans-brennar-6.html	110	㉟	quand il a décroché. La bande ne dit pas ce qu’il en a fait.	sans source	
ecrans-brennar-6.html	111	㉟	La vente	sans source	
ecrans-brennar-6.html	111	㉟	personne sur les points de vente	sans source	
ecrans-brennar-6.html	111	㉟	00	nombre	
ecrans-brennar-6.html	111	㉟	/0	nombre	
ecrans-brennar-6.html	111	㉟	au travail	servi	vente.bloc.au_travail
ecrans-brennar-6.html	111	㉟	00	nombre	
ecrans-brennar-6.html	111	㉟	caisses pleines	sans source	
ecrans-brennar-6.html	111	㉟	00	nombre	
ecrans-brennar-6.html	111	㉟	grillés	sans source	
ecrans-brennar-6.html	111	㉟	Aucun dealer sur un point de vente.	sans source	
ecrans-brennar-6.html	111	㉟	Rien ne rentre.	servi	building.yield.idle
ecrans-brennar-6.html	111	㉟	par où commencer	sans source	
ecrans-brennar-6.html	111	㉟	Il faut poser quelqu’un quelque part	sans source	
ecrans-brennar-6.html	111	㉟	affecter un dealer demande	sans source	
ecrans-brennar-6.html	111	㉟	un point de vente	sans source	
ecrans-brennar-6.html	111	㉟	et	sans source	
ecrans-brennar-6.html	111	㉟	la case qu’il couvre	sans source	
ecrans-brennar-6.html	111	㉟	. Les deux se choisissent sur la carte du quartier.	sans source	
ecrans-brennar-6.html	111	㉟	AFFECTER UN DEALER	sans source	
ecrans-brennar-6.html	112	㉟	La vente	sans source	
ecrans-brennar-6.html	112	㉟	ce qu’on saurait, si le back le disait	sans source	
ecrans-brennar-6.html	112	㉟	03	nombre	
ecrans-brennar-6.html	112	㉟	/6	nombre	
ecrans-brennar-6.html	112	㉟	au travail	servi	vente.bloc.au_travail
ecrans-brennar-6.html	112	㉟	03	nombre	
ecrans-brennar-6.html	112	㉟	caisses pleines	sans source	
ecrans-brennar-6.html	112	㉟	01	nombre	
ecrans-brennar-6.html	112	㉟	grillés	sans source	
ecrans-brennar-6.html	112	㉟	L1	sans source	
ecrans-brennar-6.html	112	㉟	maillon manquant	servi	filiere.bloc.maillon_manquant
ecrans-brennar-6.html	112	㉟	Obtenir une planque	servi	filiere.bloc.obtenir_une_planque
ecrans-brennar-6.html	112	㉟	sans elle, ramasser n’aboutit jamais — et c’est tout le bout de la chaîne d’argent qui est bloqué derrière	sans source	
ecrans-brennar-6.html	112	㉟	L2	sans source	
ecrans-brennar-6.html	112	㉟	maillon manquant	servi	filiere.bloc.maillon_manquant
ecrans-brennar-6.html	112	㉟	Savoir combien il y a dans la caisse	sans source	
ecrans-brennar-6.html	112	㉟	la bande dit « pleine à ras » et s’arrête là ; rien ne dit ce que ça vaut	sans source	
ecrans-brennar-6.html	112	㉟	L3	sans source	
ecrans-brennar-6.html	112	㉟	maillon manquant	servi	filiere.bloc.maillon_manquant
ecrans-brennar-6.html	112	㉟	Choisir le point de vente depuis cet écran	sans source	
ecrans-brennar-6.html	112	㉟	affecter exige un identifiant de point et une case ; aucune route ne les liste	sans source	
ecrans-brennar-6.html	112	㉟	L4	sans source	
ecrans-brennar-6.html	112	㉟	maillon manquant	servi	filiere.bloc.maillon_manquant
ecrans-brennar-6.html	112	㉟	Ce que devient la caisse d’un dealer grillé	sans source	
ecrans-brennar-6.html	112	㉟	la projection se tait, et le joueur n’a aucun moyen de savoir	sans source	
ecrans-brennar-6.html	113	㊱	L’horizon	servi	horizon.bloc.l_horizon
ecrans-brennar-6.html	113	㊱	ce qui s’ouvre, et à quel prix	sans source	
ecrans-brennar-6.html	113	㊱	02	nombre	
ecrans-brennar-6.html	113	㊱	/5	nombre	
ecrans-brennar-6.html	113	㊱	à portée	servi	horizon.bloc.a_portee
ecrans-brennar-6.html	113	㊱	01	nombre	
ecrans-brennar-6.html	113	㊱	déjà prises	servi	horizon.bloc.deja_prises
ecrans-brennar-6.html	113	㊱	01	nombre	
ecrans-brennar-6.html	113	㊱	ont reculé	servi	horizon.bloc.ont_recule
ecrans-brennar-6.html	113	㊱	Le second couteau	sans source	
ecrans-brennar-6.html	113	㊱	capability.lieutenant_second	identifiant brut	
ecrans-brennar-6.html	113	㊱	neuf	sans source	
ecrans-brennar-6.html	113	㊱	3	nombre	
ecrans-brennar-6.html	113	㊱	jetons	sans source	
ecrans-brennar-6.html	113	㊱	un lieutenant qui tient depuis dix jours	sans source	
ecrans-brennar-6.html	113	㊱	deux bâtiments à vous dans le même quartier	sans source	
ecrans-brennar-6.html	113	㊱	La séquence nommée	sans source	
ecrans-brennar-6.html	113	㊱	capability.named_sequence	identifiant brut	
ecrans-brennar-6.html	113	㊱	vu	sans source	
ecrans-brennar-6.html	113	㊱	5	nombre	
ecrans-brennar-6.html	113	㊱	jetons	sans source	
ecrans-brennar-6.html	113	㊱	une soirée engagée sans accroc	sans source	
ecrans-brennar-6.html	113	㊱	palier de vocabulaire 2	servi	game.progression.tier_label
ecrans-brennar-6.html	113	㊱	Le rabatteur	sans source	
ecrans-brennar-6.html	113	㊱	capability.recruit_scout	identifiant brut	
ecrans-brennar-6.html	113	㊱	vu	sans source	
ecrans-brennar-6.html	113	㊱	8	nombre	
ecrans-brennar-6.html	113	㊱	jetons	sans source	
ecrans-brennar-6.html	113	㊱	trois recrutements menés au bout	sans source	
ecrans-brennar-6.html	113	㊱	personne de grillé ce mois-ci	sans source	
ecrans-brennar-6.html	113	㊱	C’était à portée. Ça s’est éloigné.	servi	horizon.bloc.c_etait_a_portee_ca_s_est_eloigne
ecrans-brennar-6.html	113	㊱	La double couverture	sans source	
ecrans-brennar-6.html	113	㊱	capability.dual_cover	identifiant brut	
ecrans-brennar-6.html	113	㊱	mis de côté	fragment servi	
ecrans-brennar-6.html	113	㊱	12	nombre	
ecrans-brennar-6.html	113	㊱	jetons	sans source	
ecrans-brennar-6.html	113	㊱	un contrat d’assurance en cours	sans source	
ecrans-brennar-6.html	113	㊱	réputation tenue quatre semaines	sans source	
ecrans-brennar-6.html	113	㊱	PRENDRE — 3 JETONS	sans source	
ecrans-brennar-6.html	113	㊱	écarter une carte est	sans source	
ecrans-brennar-6.html	113	㊱	définitif	sans source	
ecrans-brennar-6.html	114	㊱	L’horizon	servi	horizon.bloc.l_horizon
ecrans-brennar-6.html	114	㊱	ce qui s’est refermé	sans source	
ecrans-brennar-6.html	114	㊱	02	nombre	
ecrans-brennar-6.html	114	㊱	/5	nombre	
ecrans-brennar-6.html	114	㊱	à portée	servi	horizon.bloc.a_portee
ecrans-brennar-6.html	114	㊱	01	nombre	
ecrans-brennar-6.html	114	㊱	déjà prises	servi	horizon.bloc.deja_prises
ecrans-brennar-6.html	114	㊱	01	nombre	
ecrans-brennar-6.html	114	㊱	ont reculé	servi	horizon.bloc.ont_recule
ecrans-brennar-6.html	114	㊱	Le second couteau	sans source	
ecrans-brennar-6.html	114	㊱	capability.lieutenant_second	identifiant brut	
ecrans-brennar-6.html	114	㊱	neuf	sans source	
ecrans-brennar-6.html	114	㊱	3	nombre	
ecrans-brennar-6.html	114	㊱	jetons	sans source	
ecrans-brennar-6.html	114	㊱	un lieutenant qui tient depuis dix jours	sans source	
ecrans-brennar-6.html	114	㊱	deux bâtiments à vous dans le même quartier	sans source	
ecrans-brennar-6.html	114	㊱	La séquence nommée	sans source	
ecrans-brennar-6.html	114	㊱	capability.named_sequence	identifiant brut	
ecrans-brennar-6.html	114	㊱	vu	sans source	
ecrans-brennar-6.html	114	㊱	5	nombre	
ecrans-brennar-6.html	114	㊱	jetons	sans source	
ecrans-brennar-6.html	114	㊱	une soirée engagée sans accroc	sans source	
ecrans-brennar-6.html	114	㊱	palier de vocabulaire 2	servi	game.progression.tier_label
ecrans-brennar-6.html	114	㊱	Le rabatteur	sans source	
ecrans-brennar-6.html	114	㊱	capability.recruit_scout	identifiant brut	
ecrans-brennar-6.html	114	㊱	vu	sans source	
ecrans-brennar-6.html	114	㊱	8	nombre	
ecrans-brennar-6.html	114	㊱	jetons	sans source	
ecrans-brennar-6.html	114	㊱	trois recrutements menés au bout	sans source	
ecrans-brennar-6.html	114	㊱	personne de grillé ce mois-ci	sans source	
ecrans-brennar-6.html	114	㊱	C’était à portée. Ça s’est éloigné.	servi	horizon.bloc.c_etait_a_portee_ca_s_est_eloigne
ecrans-brennar-6.html	114	㊱	La double couverture	sans source	
ecrans-brennar-6.html	114	㊱	capability.dual_cover	identifiant brut	
ecrans-brennar-6.html	114	㊱	mis de côté	fragment servi	
ecrans-brennar-6.html	114	㊱	12	nombre	
ecrans-brennar-6.html	114	㊱	jetons	sans source	
ecrans-brennar-6.html	114	㊱	un contrat d’assurance en cours	sans source	
ecrans-brennar-6.html	114	㊱	réputation tenue quatre semaines	sans source	
ecrans-brennar-6.html	114	㊱	Le prête-nom	sans source	
ecrans-brennar-6.html	114	㊱	capability.front_owner	identifiant brut	
ecrans-brennar-6.html	114	㊱	pris	sans source	
ecrans-brennar-6.html	114	㊱	6	nombre	
ecrans-brennar-6.html	114	㊱	jetons	sans source	
ecrans-brennar-6.html	114	㊱	le rabatteur	sans source	
ecrans-brennar-6.html	114	㊱	Vous l’aviez presque	sans source	
ecrans-brennar-6.html	114	㊱	les deux conditions étaient remplies la semaine dernière. Un homme grillé, et un recrutement abandonné :	sans source	
ecrans-brennar-6.html	114	㊱	elles ne le sont plus	sans source	
ecrans-brennar-6.html	114	㊱	. Le serveur le dit ; c’est la seule chose qu’il raconte comme une perte.	sans source	
ecrans-brennar-6.html	115	㊱	L’horizon	servi	horizon.bloc.l_horizon
ecrans-brennar-6.html	115	㊱	prendre le second couteau	sans source	
ecrans-brennar-6.html	115	㊱	02	nombre	
ecrans-brennar-6.html	115	㊱	/5	nombre	
ecrans-brennar-6.html	115	㊱	à portée	servi	horizon.bloc.a_portee
ecrans-brennar-6.html	115	㊱	01	nombre	
ecrans-brennar-6.html	115	㊱	déjà prises	servi	horizon.bloc.deja_prises
ecrans-brennar-6.html	115	㊱	01	nombre	
ecrans-brennar-6.html	115	㊱	ont reculé	servi	horizon.bloc.ont_recule
ecrans-brennar-6.html	115	㊱	Le second couteau	sans source	
ecrans-brennar-6.html	115	㊱	capability.lieutenant_second	identifiant brut	
ecrans-brennar-6.html	115	㊱	neuf	sans source	
ecrans-brennar-6.html	115	㊱	3	nombre	
ecrans-brennar-6.html	115	㊱	jetons	sans source	
ecrans-brennar-6.html	115	㊱	un lieutenant qui tient depuis dix jours	sans source	
ecrans-brennar-6.html	115	㊱	deux bâtiments à vous dans le même quartier	sans source	
ecrans-brennar-6.html	115	㊱	La séquence nommée	sans source	
ecrans-brennar-6.html	115	㊱	capability.named_sequence	identifiant brut	
ecrans-brennar-6.html	115	㊱	vu	sans source	
ecrans-brennar-6.html	115	㊱	5	nombre	
ecrans-brennar-6.html	115	㊱	jetons	sans source	
ecrans-brennar-6.html	115	㊱	une soirée engagée sans accroc	sans source	
ecrans-brennar-6.html	115	㊱	palier de vocabulaire 2	servi	game.progression.tier_label
ecrans-brennar-6.html	115	㊱	Le rabatteur	sans source	
ecrans-brennar-6.html	115	㊱	capability.recruit_scout	identifiant brut	
ecrans-brennar-6.html	115	㊱	vu	sans source	
ecrans-brennar-6.html	115	㊱	8	nombre	
ecrans-brennar-6.html	115	㊱	jetons	sans source	
ecrans-brennar-6.html	115	㊱	trois recrutements menés au bout	sans source	
ecrans-brennar-6.html	115	㊱	personne de grillé ce mois-ci	sans source	
ecrans-brennar-6.html	115	㊱	C’était à portée. Ça s’est éloigné.	servi	horizon.bloc.c_etait_a_portee_ca_s_est_eloigne
ecrans-brennar-6.html	115	㊱	le second couteau · 3 jetons	sans source	
ecrans-brennar-6.html	115	㊱	Les deux conditions sont tenues	sans source	
ecrans-brennar-6.html	115	㊱	la prendre est	sans source	
ecrans-brennar-6.html	115	㊱	irréversible	sans source	
ecrans-brennar-6.html	115	㊱	: elle entre dans ce que la maison sait faire, et le compte de jetons ne se rend pas.	sans source	
ecrans-brennar-6.html	115	㊱	PRENDRE — 3 JETONS	sans source	
ecrans-brennar-6.html	116	㊱	L’horizon	servi	horizon.bloc.l_horizon
ecrans-brennar-6.html	116	㊱	ce que le serveur ne dit pas	sans source	
ecrans-brennar-6.html	116	㊱	02	nombre	
ecrans-brennar-6.html	116	㊱	/5	nombre	
ecrans-brennar-6.html	116	㊱	à portée	servi	horizon.bloc.a_portee
ecrans-brennar-6.html	116	㊱	01	nombre	
ecrans-brennar-6.html	116	㊱	déjà prises	servi	horizon.bloc.deja_prises
ecrans-brennar-6.html	116	㊱	01	nombre	
ecrans-brennar-6.html	116	㊱	ont reculé	servi	horizon.bloc.ont_recule
ecrans-brennar-6.html	116	㊱	capability.lieutenant_second	identifiant brut	
ecrans-brennar-6.html	116	㊱	capability.lieutenant_second	identifiant brut	
ecrans-brennar-6.html	116	㊱	neuf	sans source	
ecrans-brennar-6.html	116	㊱	3	nombre	
ecrans-brennar-6.html	116	㊱	jetons	sans source	
ecrans-brennar-6.html	116	㊱	un lieutenant qui tient depuis dix jours	sans source	
ecrans-brennar-6.html	116	㊱	deux bâtiments à vous dans le même quartier	sans source	
ecrans-brennar-6.html	116	㊱	capability.named_sequence	identifiant brut	
ecrans-brennar-6.html	116	㊱	capability.named_sequence	identifiant brut	
ecrans-brennar-6.html	116	㊱	vu	sans source	
ecrans-brennar-6.html	116	㊱	5	nombre	
ecrans-brennar-6.html	116	㊱	jetons	sans source	
ecrans-brennar-6.html	116	㊱	une soirée engagée sans accroc	sans source	
ecrans-brennar-6.html	116	㊱	palier de vocabulaire 2	servi	game.progression.tier_label
ecrans-brennar-6.html	116	㊱	capability.recruit_scout	identifiant brut	
ecrans-brennar-6.html	116	㊱	capability.recruit_scout	identifiant brut	
ecrans-brennar-6.html	116	㊱	vu	sans source	
ecrans-brennar-6.html	116	㊱	8	nombre	
ecrans-brennar-6.html	116	㊱	jetons	sans source	
ecrans-brennar-6.html	116	㊱	trois recrutements menés au bout	sans source	
ecrans-brennar-6.html	116	㊱	personne de grillé ce mois-ci	sans source	
ecrans-brennar-6.html	116	㊱	C’était à portée. Ça s’est éloigné.	servi	horizon.bloc.c_etait_a_portee_ca_s_est_eloigne
ecrans-brennar-6.html	116	㊱	ce que le serveur envoie vraiment	sans source	
ecrans-brennar-6.html	116	㊱	Aucune de ces cartes n’a de nom	sans source	
ecrans-brennar-6.html	116	㊱	le serveur ne rend que des	sans source	
ecrans-brennar-6.html	116	㊱	clés de traduction	sans source	
ecrans-brennar-6.html	116	㊱	, et le dictionnaire du jeu ne contient que des messages d’erreur. Voilà l’écran tel qu’il s’afficherait aujourd’hui.	sans source	
ecrans-brennar-6.html	116	㊱	Quelqu’un doit écrire les textes.	sans source	
ecrans-brennar-6.html	117	㊱	L’horizon	servi	horizon.bloc.l_horizon
ecrans-brennar-6.html	117	㊱	rien à l’horizon	servi	horizon.bloc.rien_a_l_horizon
ecrans-brennar-6.html	117	㊱	00	nombre	
ecrans-brennar-6.html	117	㊱	/0	nombre	
ecrans-brennar-6.html	117	㊱	à portée	servi	horizon.bloc.a_portee
ecrans-brennar-6.html	117	㊱	00	nombre	
ecrans-brennar-6.html	117	㊱	déjà prises	servi	horizon.bloc.deja_prises
ecrans-brennar-6.html	117	㊱	00	nombre	
ecrans-brennar-6.html	117	㊱	ont reculé	servi	horizon.bloc.ont_recule
ecrans-brennar-6.html	117	㊱	Rien ne s’ouvre pour l’instant.	servi	horizon.bloc.rien_ne_s_ouvre_pour_l_instant
ecrans-brennar-6.html	117	㊱	L’horizon se remplit en jouant.	servi	horizon.bloc.l_horizon_se_remplit_en_jouant
ecrans-brennar-6.html	117	㊱	pourquoi c’est vide	servi	horizon.bloc.pourquoi_c_est_vide journal.bloc.pourquoi_c_est_vide
ecrans-brennar-6.html	117	㊱	Les cartes viennent du monde, pas du menu	servi	horizon.bloc.les_cartes_viennent_du_monde_pas_du_menu
ecrans-brennar-6.html	117	㊱	une possibilité apparaît quand ce que vous faites remplit ses conditions. Rien ici ne s’achète directement.	sans source	
ecrans-brennar-6.html	118	㊱	L’horizon	servi	horizon.bloc.l_horizon
ecrans-brennar-6.html	118	㊱	ce qui manque encore	servi	horizon.bloc.ce_qui_manque_encore
ecrans-brennar-6.html	118	㊱	02	nombre	
ecrans-brennar-6.html	118	㊱	/5	nombre	
ecrans-brennar-6.html	118	㊱	à portée	servi	horizon.bloc.a_portee
ecrans-brennar-6.html	118	㊱	01	nombre	
ecrans-brennar-6.html	118	㊱	déjà prises	servi	horizon.bloc.deja_prises
ecrans-brennar-6.html	118	㊱	01	nombre	
ecrans-brennar-6.html	118	㊱	ont reculé	servi	horizon.bloc.ont_recule
ecrans-brennar-6.html	118	㊱	L1	sans source	
ecrans-brennar-6.html	118	㊱	maillon manquant	servi	filiere.bloc.maillon_manquant
ecrans-brennar-6.html	118	㊱	Écrire les noms et les descriptions	sans source	
ecrans-brennar-6.html	118	㊱	trois textes par carte, plus un par condition — rien de tout ça n’existe	sans source	
ecrans-brennar-6.html	118	㊱	L2	sans source	
ecrans-brennar-6.html	118	㊱	maillon manquant	servi	filiere.bloc.maillon_manquant
ecrans-brennar-6.html	118	㊱	Dire de combien de jetons on dispose	sans source	
ecrans-brennar-6.html	118	㊱	le coût est servi, le solde ne l’est pas : « payable » est un booléen, sans le reste	sans source	
ecrans-brennar-6.html	118	㊱	L3	sans source	
ecrans-brennar-6.html	118	㊱	maillon manquant	servi	filiere.bloc.maillon_manquant
ecrans-brennar-6.html	118	㊱	Le plan d’exécution	sans source	
ecrans-brennar-6.html	118	㊱	deux routes existent et rendent des plans ; aucun écran ne les a jamais montrés	sans source	
ecrans-brennar-6.html	118	㊱	L4	sans source	
ecrans-brennar-6.html	118	㊱	maillon manquant	servi	filiere.bloc.maillon_manquant
ecrans-brennar-6.html	118	㊱	Passer un palier	sans source	
ecrans-brennar-6.html	118	㊱	une route de plus, jamais reliée à un geste joueur	sans source	
ecrans-brennar-6.html	119	㊲	Le miroir	servi	reputation.bloc.le_miroir
ecrans-brennar-6.html	119	㊲	ce qu’il a pris de vous se voit sur lui	sans source	
ecrans-brennar-6.html	119	㊲	03	nombre	
ecrans-brennar-6.html	119	㊲	règles données	sans source	
ecrans-brennar-6.html	119	㊲	02	nombre	
ecrans-brennar-6.html	119	㊲	/4	nombre	
ecrans-brennar-6.html	119	㊲	absorbées	sans source	
ecrans-brennar-6.html	119	㊲	01	nombre	
ecrans-brennar-6.html	119	㊲	enfreintes	sans source	
ecrans-brennar-6.html	119	㊲	Lt. Hara, votre lieutenant	sans source	
ecrans-brennar-6.html	119	㊲	Il se tient à carreau	servi	reputation.etat.il_se_tient_a_carreau
ecrans-brennar-6.html	119	㊲	lieutenant.name — non projeté (L0.4)	sans source	
ecrans-brennar-6.html	119	㊲	Vous vous y tenez	servi	reputation.etat.vous_vous_y_tenez
ecrans-brennar-6.html	119	㊲	ce qu’il a absorbé de vos règles	servi	reputation.bloc.ce_qu_il_a_absorbe_de_vos_regles
ecrans-brennar-6.html	119	㊲	col boutonné	sans source	
ecrans-brennar-6.html	119	㊲	la comptabilité tenue	servi	reputation.etat.la_comptabilite_tenue
ecrans-brennar-6.html	119	㊲	manches basses	sans source	
ecrans-brennar-6.html	119	㊲	la justice envers les siens	servi	reputation.etat.la_justice_envers_les_siens
ecrans-brennar-6.html	119	㊲	montre visible	sans source	
ecrans-brennar-6.html	119	㊲	la ponctualité	servi	reputation.etat.la_ponctualite
ecrans-brennar-6.html	119	㊲	gants sales	sans source	
ecrans-brennar-6.html	119	㊲	la discrétion devant les civils	servi	reputation.etat.la_discretion_devant_les_civils
ecrans-brennar-6.html	119	㊲	la règle du jeu	sans source	
ecrans-brennar-6.html	119	㊲	Vous vous lisez sur lui	sans source	
ecrans-brennar-6.html	119	㊲	chaque vertu qu’il vous voit tenir finit sur sa tenue — col, manches, montre, gants. Une règle déclarée tient	sans source	
ecrans-brennar-6.html	119	㊲	jusqu’à ce que vous la retiriez publiquement	sans source	
ecrans-brennar-6.html	119	㊲	: la donner, c’est se donner une corde.	sans source	
ecrans-brennar-6.html	119	㊲	DONNER UNE RÈGLE	servi	reputation.bloc.donner_une_regle
ecrans-brennar-6.html	120	㊲	Le miroir	servi	reputation.bloc.le_miroir
ecrans-brennar-6.html	120	㊲	un lieutenant neuf n’a encore rien absorbé	sans source	
ecrans-brennar-6.html	120	㊲	00	nombre	
ecrans-brennar-6.html	120	㊲	règles données	sans source	
ecrans-brennar-6.html	120	㊲	00	nombre	
ecrans-brennar-6.html	120	㊲	/4	nombre	
ecrans-brennar-6.html	120	㊲	absorbées	sans source	
ecrans-brennar-6.html	120	㊲	00	nombre	
ecrans-brennar-6.html	120	㊲	enfreintes	sans source	
ecrans-brennar-6.html	120	㊲	Lt. Hara, votre lieutenant	sans source	
ecrans-brennar-6.html	120	㊲	Il vous écoute	servi	reputation.etat.il_vous_ecoute
ecrans-brennar-6.html	120	㊲	lieutenant.name — non projeté (L0.4)	sans source	
ecrans-brennar-6.html	120	㊲	Pas encore jugeable	servi	reputation.etat.pas_encore_jugeable
ecrans-brennar-6.html	120	㊲	ce qu’il a absorbé de vos règles	servi	reputation.bloc.ce_qu_il_a_absorbe_de_vos_regles
ecrans-brennar-6.html	120	㊲	col ouvert	sans source	
ecrans-brennar-6.html	120	㊲	la comptabilité tenue	servi	reputation.etat.la_comptabilite_tenue
ecrans-brennar-6.html	120	㊲	manches basses	sans source	
ecrans-brennar-6.html	120	㊲	la justice envers les siens	servi	reputation.etat.la_justice_envers_les_siens
ecrans-brennar-6.html	120	㊲	montre cachée	sans source	
ecrans-brennar-6.html	120	㊲	la ponctualité	servi	reputation.etat.la_ponctualite
ecrans-brennar-6.html	120	㊲	gants sales	sans source	
ecrans-brennar-6.html	120	㊲	la discrétion devant les civils	servi	reputation.etat.la_discretion_devant_les_civils
ecrans-brennar-6.html	120	㊲	« pas jugeable » n’est pas « moyen »	sans source	
ecrans-brennar-6.html	120	㊲	Rien n’a encore déteint	sans source	
ecrans-brennar-6.html	120	㊲	ses quatre voyants sont éteints parce qu’il n’a	sans source	
ecrans-brennar-6.html	120	㊲	rien pris de vous	sans source	
ecrans-brennar-6.html	120	㊲	— pas parce qu’il est médiocre. Et personne ne jugera votre constance tant qu’il n’a pas assez vu :	sans source	
ecrans-brennar-6.html	120	㊲	indéterminé	sans source	
ecrans-brennar-6.html	120	㊲	, jamais au milieu d’une jauge.	sans source	
ecrans-brennar-6.html	120	㊲	DONNER UNE PREMIÈRE RÈGLE	sans source	
ecrans-brennar-6.html	121	㊲	Le miroir	servi	reputation.bloc.le_miroir
ecrans-brennar-6.html	121	㊲	vous vous écartez de vos propres règles	sans source	
ecrans-brennar-6.html	121	㊲	03	nombre	
ecrans-brennar-6.html	121	㊲	règles données	sans source	
ecrans-brennar-6.html	121	㊲	03	nombre	
ecrans-brennar-6.html	121	㊲	/4	nombre	
ecrans-brennar-6.html	121	㊲	absorbées	sans source	
ecrans-brennar-6.html	121	㊲	01	nombre	
ecrans-brennar-6.html	121	㊲	enfreintes	sans source	
ecrans-brennar-6.html	121	㊲	Lt. Hara, votre lieutenant	sans source	
ecrans-brennar-6.html	121	㊲	Il se ferme	servi	reputation.etat.il_se_ferme
ecrans-brennar-6.html	121	㊲	lieutenant.name — non projeté (L0.4)	sans source	
ecrans-brennar-6.html	121	㊲	Vous vous en écartez	servi	reputation.etat.vous_vous_en_ecartez
ecrans-brennar-6.html	121	㊲	ce qu’il a absorbé de vos règles	servi	reputation.bloc.ce_qu_il_a_absorbe_de_vos_regles
ecrans-brennar-6.html	121	㊲	col boutonné	sans source	
ecrans-brennar-6.html	121	㊲	la comptabilité tenue	servi	reputation.etat.la_comptabilite_tenue
ecrans-brennar-6.html	121	㊲	manches roulées	sans source	
ecrans-brennar-6.html	121	㊲	la justice envers les siens	servi	reputation.etat.la_justice_envers_les_siens
ecrans-brennar-6.html	121	㊲	montre visible	sans source	
ecrans-brennar-6.html	121	㊲	la ponctualité	servi	reputation.etat.la_ponctualite
ecrans-brennar-6.html	121	㊲	gants propres	sans source	
ecrans-brennar-6.html	121	㊲	la discrétion devant les civils	servi	reputation.etat.la_discretion_devant_les_civils
ecrans-brennar-6.html	121	㊲	ce qui a changé	sans source	
ecrans-brennar-6.html	121	㊲	Une règle donnée, une règle enfreinte	sans source	
ecrans-brennar-6.html	121	㊲	vous avez laissé passer ce que vous aviez interdit. Les deux cercles l’enregistrent — le vôtre et le sien. ⚠️ on vous dit que vous dérivez,	sans source	
ecrans-brennar-6.html	121	㊲	jamais sur quelle règle	sans source	
ecrans-brennar-6.html	121	㊲	: ce n’est pas un choix, c’est ce qui manque encore.	sans source	
ecrans-brennar-6.html	121	㊲	DONNER UNE RÈGLE	servi	reputation.bloc.donner_une_regle
ecrans-brennar-6.html	122	㊲	Le miroir	servi	reputation.bloc.le_miroir
ecrans-brennar-6.html	122	㊲	les règles que vous avez données	servi	reputation.bloc.les_regles_que_vous_avez_donnees
ecrans-brennar-6.html	122	㊲	03	nombre	
ecrans-brennar-6.html	122	㊲	règles données	sans source	
ecrans-brennar-6.html	122	㊲	01	nombre	
ecrans-brennar-6.html	122	㊲	enfreintes	sans source	
ecrans-brennar-6.html	122	㊲	retirées	sans source	
ecrans-brennar-6.html	122	㊲	On ne touche pas aux familles	sans source	
ecrans-brennar-6.html	122	㊲	rule.no_families	identifiant brut	
ecrans-brennar-6.html	122	㊲	Personne ne travaille le dimanche	sans source	
ecrans-brennar-6.html	122	㊲	rule.no_sunday	identifiant brut	
ecrans-brennar-6.html	122	㊲	Jamais de crick chez les gosses	sans source	
ecrans-brennar-6.html	122	㊲	rule.no_crick_minors	identifiant brut	
ecrans-brennar-6.html	122	㊲	retirer une règle	sans source	
ecrans-brennar-6.html	122	㊲	Le geste n’existe pas encore	sans source	
ecrans-brennar-6.html	122	㊲	le canon veut qu’une règle se retire	sans source	
ecrans-brennar-6.html	122	㊲	en public	sans source	
ecrans-brennar-6.html	122	㊲	; le code du retrait existe mais	sans source	
ecrans-brennar-6.html	122	㊲	aucune route de production ne l’appelle	sans source	
ecrans-brennar-6.html	122	㊲	. Tant que ce maillon manque, une règle donnée est définitive.	sans source	
ecrans-brennar-6.html	122	㊲	DONNER UNE RÈGLE	servi	reputation.bloc.donner_une_regle
ecrans-brennar-6.html	123	㊲	Le miroir	servi	reputation.bloc.le_miroir
ecrans-brennar-6.html	123	㊲	un lieutenant rappelé — on demande des gages	sans source	
ecrans-brennar-6.html	123	㊲	01	nombre	
ecrans-brennar-6.html	123	㊲	rappelé	sans source	
ecrans-brennar-6.html	123	㊲	03	nombre	
ecrans-brennar-6.html	123	㊲	règlements	sans source	
ecrans-brennar-6.html	123	㊲	noms — lot back	sans source	
ecrans-brennar-6.html	123	㊲	Le rappelé, votre lieutenant	sans source	
ecrans-brennar-6.html	123	㊲	Il vous en veut	servi	reputation.etat.il_vous_en_veut
ecrans-brennar-6.html	123	㊲	lieutenant.name — non projeté (L0.4)	sans source	
ecrans-brennar-6.html	123	㊲	Pas encore jugeable	servi	reputation.etat.pas_encore_jugeable
ecrans-brennar-6.html	123	㊲	ce qu’il a absorbé de vos règles	servi	reputation.bloc.ce_qu_il_a_absorbe_de_vos_regles
ecrans-brennar-6.html	123	㊲	col ouvert	sans source	
ecrans-brennar-6.html	123	㊲	la comptabilité tenue	servi	reputation.etat.la_comptabilite_tenue
ecrans-brennar-6.html	123	㊲	manches basses	sans source	
ecrans-brennar-6.html	123	㊲	la justice envers les siens	servi	reputation.etat.la_justice_envers_les_siens
ecrans-brennar-6.html	123	㊲	montre cachée	sans source	
ecrans-brennar-6.html	123	㊲	la ponctualité	servi	reputation.etat.la_ponctualite
ecrans-brennar-6.html	123	㊲	gants sales	sans source	
ecrans-brennar-6.html	123	㊲	la discrétion devant les civils	servi	reputation.etat.la_discretion_devant_les_civils
ecrans-brennar-6.html	123	㊲	les gages	sans source	
ecrans-brennar-6.html	123	㊲	On vient, mais avec des garanties	sans source	
ecrans-brennar-6.html	123	㊲	ses derniers règlements sont au registre —	sans source	
ecrans-brennar-6.html	123	㊲	sans nom	sans source	
ecrans-brennar-6.html	123	㊲	: la maison ne tient pas encore de table des contreparties.	sans source	
ecrans-brennar-6.html	123	㊲	règlement n°12	sans source	
ecrans-brennar-6.html	123	㊲	règlement n°13	sans source	
ecrans-brennar-6.html	123	㊲	règlement n°14	sans source	
ecrans-brennar-6.html	123	㊲	CHOISIR UN RAPPELÉ — AUCUNE LISTE	sans source	
ecrans-brennar-6.html	123	㊲	ce cadre n’est pas atteignable aujourd’hui : rien ne liste les lieutenants rappelés —	sans source	
ecrans-brennar-6.html	123	㊲	lot back L5	sans source	
ecrans-brennar-6.html	124	㊲	Le miroir	servi	reputation.bloc.le_miroir
ecrans-brennar-6.html	124	㊲	ce qui manque encore	servi	horizon.bloc.ce_qui_manque_encore
ecrans-brennar-6.html	124	㊲	03	nombre	
ecrans-brennar-6.html	124	㊲	règles données	sans source	
ecrans-brennar-6.html	124	㊲	01	nombre	
ecrans-brennar-6.html	124	㊲	enfreintes	sans source	
ecrans-brennar-6.html	124	㊲	07	nombre	
ecrans-brennar-6.html	124	㊲	maillons	sans source	
ecrans-brennar-6.html	124	㊲	L1 — Écrire le texte des règles	sans source	
ecrans-brennar-6.html	124	㊲	rule_id est un identifiant ; aucun libellé n’existe	sans source	
ecrans-brennar-6.html	124	㊲	L2 — Retirer une règle	sans source	
ecrans-brennar-6.html	124	㊲	le code existe, aucun appelant de production	sans source	
ecrans-brennar-6.html	124	㊲	L3 — Dire QUELLE règle a été enfreinte	sans source	
ecrans-brennar-6.html	124	㊲	le rule_id enfreint est en base, jamais projeté	sans source	
ecrans-brennar-6.html	124	㊲	L4 — La liste des règles possibles	sans source	
ecrans-brennar-6.html	124	㊲	déclarer exige un id ; rien ne dit lesquels existent	sans source	
ecrans-brennar-6.html	124	㊲	L5 — Lister les lieutenants rappelés	sans source	
ecrans-brennar-6.html	124	㊲	sans elle, le cadre des gages est inatteignable	sans source	
ecrans-brennar-6.html	124	㊲	L6 — Nommer les contreparties	sans source	
ecrans-brennar-6.html	124	㊲	« settlement-N » ; aucune table de noms	sans source	
ecrans-brennar-6.html	124	㊲	L7 — Projeter le nom du lieutenant	sans source	
ecrans-brennar-6.html	124	㊲	en base NOT NULL, absent des 2 projections — L0.4	sans source	
ecrans-brennar-6.html	124	㊲	le plus court d’abord	sans source	
ecrans-brennar-6.html	124	㊲	L5 débloque un cadre entier	sans source	
ecrans-brennar-6.html	124	㊲	la liste des rappelés rend les gages atteignables ; L6 et L7 rejoignent la table de noms du Lot 0.	sans source	
ecrans-brennar-6.html	125	㊳	Le journal	servi	journal.bloc.le_journal
ecrans-brennar-6.html	125	㊳	ce qui se dit ce matin	servi	journal.bloc.ce_qui_se_dit_ce_matin
ecrans-brennar-6.html	125	㊳	01	nombre	
ecrans-brennar-6.html	125	㊳	à la une	servi	journal.bloc.a_la_une
ecrans-brennar-6.html	125	㊳	04	nombre	
ecrans-brennar-6.html	125	㊳	dans la rue	servi	journal.bloc.dans_la_rue
ecrans-brennar-6.html	125	㊳	03	nombre	
ecrans-brennar-6.html	125	㊳	en cours	servi	accueil.etat.in_progress journal.bloc.en_cours accueil.etat.en_cours
ecrans-brennar-6.html	125	㊳	LE CLAIRON DE BRENNAR	sans source	
ecrans-brennar-6.html	125	㊳	ce matin	sans source	
ecrans-brennar-6.html	125	㊳	Un corps repêché sous le pont de Stack	sans source	
ecrans-brennar-6.html	125	㊳	news.beat.body_found · Dépôt-Est	sans source	
ecrans-brennar-6.html	125	㊳	fait divers	sans source	
ecrans-brennar-6.html	125	㊳	Une file devant la pharmacie de La Lisière	sans source	
ecrans-brennar-6.html	125	㊳	ambient.queue_pharmacy · La Lisière	sans source	
ecrans-brennar-6.html	125	㊳	ce matin	sans source	
ecrans-brennar-6.html	125	㊳	Deux camions la nuit derrière l’entrepôt	sans source	
ecrans-brennar-6.html	125	㊳	ambient.night_trucks · Les Entrepôts	sans source	
ecrans-brennar-6.html	125	㊳	ce matin	sans source	
ecrans-brennar-6.html	125	㊳	Le curé de Marne-Basse a fermé sa porte	sans source	
ecrans-brennar-6.html	125	㊳	ambient.church_closed · Marne-Basse	sans source	
ecrans-brennar-6.html	125	㊳	hier	sans source	
ecrans-brennar-6.html	125	㊳	Y PRÊTER ATTENTION	sans source	
ecrans-brennar-6.html	125	㊳	on peut	sans source	
ecrans-brennar-6.html	125	㊳	assister	sans source	
ecrans-brennar-6.html	125	㊳	à ce qui se passe — c’est le seul geste que la rue accepte	sans source	
ecrans-brennar-6.html	126	㊳	Le journal	servi	journal.bloc.le_journal
ecrans-brennar-6.html	126	㊳	ce qui arrive à la ville	sans source	
ecrans-brennar-6.html	126	㊳	03	nombre	
ecrans-brennar-6.html	126	㊳	en cours	servi	accueil.etat.in_progress journal.bloc.en_cours accueil.etat.en_cours
ecrans-brennar-6.html	126	㊳	01	nombre	
ecrans-brennar-6.html	126	㊳	définitif	sans source	
ecrans-brennar-6.html	126	㊳	02	nombre	
ecrans-brennar-6.html	126	㊳	compris	sans source	
ecrans-brennar-6.html	126	㊳	Le port est bloqué	sans source	
ecrans-brennar-6.html	126	㊳	ça se déploie	servi	journal.bloc.ca_se_deploie
ecrans-brennar-6.html	126	㊳	rw.template.port_strike · Les Bassins	sans source	
ecrans-brennar-6.html	126	㊳	ça pèse	sans source	
ecrans-brennar-6.html	126	㊳	La rivière a débordé	sans source	
ecrans-brennar-6.html	126	㊳	ça ne partira pas	servi	journal.bloc.ca_ne_partira_pas
ecrans-brennar-6.html	126	㊳	rw.template.flood · Orsel	sans source	
ecrans-brennar-6.html	126	㊳	on en parle	sans source	
ecrans-brennar-6.html	126	㊳	Un vieux s’est éteint	sans source	
ecrans-brennar-6.html	126	㊳	ça commence	servi	journal.bloc.ca_commence
ecrans-brennar-6.html	126	㊳	rw.template.hollow_death · La Lisière	sans source	
ecrans-brennar-6.html	126	㊳	à peine	sans source	
ecrans-brennar-6.html	126	㊳	les phases	sans source	
ecrans-brennar-6.html	126	㊳	Quatre passent, une seule reste	sans source	
ecrans-brennar-6.html	126	㊳	un événement commence, se déploie, retombe, ou	sans source	
ecrans-brennar-6.html	126	㊳	traîne	sans source	
ecrans-brennar-6.html	126	㊳	. La cinquième phase ne dit pas « longtemps » : elle dit	sans source	
ecrans-brennar-6.html	126	㊳	ça ne partira pas	servi	journal.bloc.ca_ne_partira_pas
ecrans-brennar-6.html	127	㊳	Le journal	servi	journal.bloc.le_journal
ecrans-brennar-6.html	127	㊳	ce qui ne partira pas	sans source	
ecrans-brennar-6.html	127	㊳	03	nombre	
ecrans-brennar-6.html	127	㊳	en cours	servi	accueil.etat.in_progress journal.bloc.en_cours accueil.etat.en_cours
ecrans-brennar-6.html	127	㊳	01	nombre	
ecrans-brennar-6.html	127	㊳	définitif	sans source	
ecrans-brennar-6.html	127	㊳	02	nombre	
ecrans-brennar-6.html	127	㊳	compris	sans source	
ecrans-brennar-6.html	127	㊳	La rivière a débordé	sans source	
ecrans-brennar-6.html	127	㊳	ça ne partira pas	servi	journal.bloc.ca_ne_partira_pas
ecrans-brennar-6.html	127	㊳	rw.template.flood · Orsel	sans source	
ecrans-brennar-6.html	127	㊳	on en parle	sans source	
ecrans-brennar-6.html	127	㊳	lattice-c	nom de fiction	
ecrans-brennar-6.html	127	㊳	La rivière ne se retirera pas	sans source	
ecrans-brennar-6.html	127	㊳	les autres événements ont une phase qui les emmène vers la sortie. Celui-ci n’en a pas.	sans source	
ecrans-brennar-6.html	127	㊳	Le quartier a changé	sans source	
ecrans-brennar-6.html	127	㊳	, et il faudra faire avec — ce n’est plus une nouvelle, c’est une donnée.	sans source	
ecrans-brennar-6.html	127	㊳	RIEN À FAIRE — C’EST ACQUIS	sans source	
ecrans-brennar-6.html	128	㊳	Le journal	servi	journal.bloc.le_journal
ecrans-brennar-6.html	128	㊳	ce que vous avez compris	sans source	
ecrans-brennar-6.html	128	㊳	02	nombre	
ecrans-brennar-6.html	128	㊳	couplages compris	sans source	
ecrans-brennar-6.html	128	㊳	03	nombre	
ecrans-brennar-6.html	128	㊳	en cours	servi	accueil.etat.in_progress journal.bloc.en_cours accueil.etat.en_cours
ecrans-brennar-6.html	128	㊳	01	nombre	
ecrans-brennar-6.html	128	㊳	définitif	sans source	
ecrans-brennar-6.html	128	㊳	le port bloqué	sans source	
ecrans-brennar-6.html	128	㊳	le prix du pyralin	sans source	
ecrans-brennar-6.html	128	㊳	les patrouilles de nuit	sans source	
ecrans-brennar-6.html	128	㊳	la marge des dealers	sans source	
ecrans-brennar-6.html	128	㊳	et tout ce que vous n’avez pas encore compris —	sans source	
ecrans-brennar-6.html	128	㊳	la maison ne dit pas combien il en reste	sans source	
ecrans-brennar-6.html	128	㊳	ce que vous avez compris	sans source	
ecrans-brennar-6.html	128	㊳	La ville a des causes, et vous les apprenez	sans source	
ecrans-brennar-6.html	128	㊳	le serveur garde ce que vous avez	sans source	
ecrans-brennar-6.html	128	㊳	découvert	sans source	
ecrans-brennar-6.html	128	㊳	: que telle chose en pousse une autre, et	sans source	
ecrans-brennar-6.html	128	㊳	dans quel sens	sans source	
ecrans-brennar-6.html	128	㊳	. Ça se remplit en jouant, jamais en achetant.	sans source	
ecrans-brennar-6.html	129	㊳	Le journal	servi	journal.bloc.le_journal
ecrans-brennar-6.html	129	㊳	rien ne bouge	servi	journal.bloc.rien_ne_bouge
ecrans-brennar-6.html	129	㊳	00	nombre	
ecrans-brennar-6.html	129	㊳	à la une	servi	journal.bloc.a_la_une
ecrans-brennar-6.html	129	㊳	00	nombre	
ecrans-brennar-6.html	129	㊳	dans la rue	servi	journal.bloc.dans_la_rue
ecrans-brennar-6.html	129	㊳	00	nombre	
ecrans-brennar-6.html	129	㊳	en cours	servi	accueil.etat.in_progress journal.bloc.en_cours accueil.etat.en_cours
ecrans-brennar-6.html	129	㊳	Rien ce matin.	fragment servi	
ecrans-brennar-6.html	129	㊳	La ville a passé une nuit tranquille.	fragment servi	
ecrans-brennar-6.html	129	㊳	pourquoi c’est vide	servi	horizon.bloc.pourquoi_c_est_vide journal.bloc.pourquoi_c_est_vide
ecrans-brennar-6.html	129	㊳	Le journal suit le monde, pas vous	servi	journal.bloc.le_journal_suit_le_monde_pas_vous
ecrans-brennar-6.html	129	㊳	ces trois listes se remplissent avec ce que	fragment servi	
ecrans-brennar-6.html	129	㊳	la ville	servi	exceptions.locuteur.la_ville
ecrans-brennar-6.html	129	㊳	fait. Aucune ne dépend de vos gestes.	fragment servi	
ecrans-brennar-6.html	130	㊳	Le journal	servi	journal.bloc.le_journal
ecrans-brennar-6.html	130	㊳	ce qui manque encore	servi	horizon.bloc.ce_qui_manque_encore
ecrans-brennar-6.html	130	㊳	01	nombre	
ecrans-brennar-6.html	130	㊳	à la une	servi	journal.bloc.a_la_une
ecrans-brennar-6.html	130	㊳	04	nombre	
ecrans-brennar-6.html	130	㊳	dans la rue	servi	journal.bloc.dans_la_rue
ecrans-brennar-6.html	130	㊳	03	nombre	
ecrans-brennar-6.html	130	㊳	en cours	servi	accueil.etat.in_progress journal.bloc.en_cours accueil.etat.en_cours
ecrans-brennar-6.html	130	㊳	L1	sans source	
ecrans-brennar-6.html	130	㊳	maillon manquant	servi	filiere.bloc.maillon_manquant
ecrans-brennar-6.html	130	㊳	Écrire les titres et les brèves	sans source	
ecrans-brennar-6.html	130	㊳	tout est en clés : titre, journal, angle, descripteur, gabarit — cinquième écran à buter dessus	sans source	
ecrans-brennar-6.html	130	㊳	L2	sans source	
ecrans-brennar-6.html	130	㊳	maillon manquant	servi	filiere.bloc.maillon_manquant
ecrans-brennar-6.html	130	㊳	Les titres sont des gabarits à trous	sans source	
ecrans-brennar-6.html	130	㊳	`headline_params` est un objet libre ; sans le texte on ignore même combien de trous	sans source	
ecrans-brennar-6.html	130	㊳	L3	sans source	
ecrans-brennar-6.html	130	㊳	maillon manquant	servi	filiere.bloc.maillon_manquant
ecrans-brennar-6.html	130	㊳	Aller à un enterrement	sans source	
ecrans-brennar-6.html	130	㊳	la route existe et c’est le seul geste non économique du domaine ; rien ne le relie à un événement affiché	sans source	
ecrans-brennar-6.html	130	㊳	L4	sans source	
ecrans-brennar-6.html	130	㊳	maillon manquant	servi	filiere.bloc.maillon_manquant
ecrans-brennar-6.html	130	㊳	Le détail d’un article	sans source	
ecrans-brennar-6.html	130	㊳	une route rend le détail d’une brève de presse ; aucun écran ne l’ouvre	sans source	
ecrans-brennar-6.html	131	㊴	Le dossier	fragment servi	
ecrans-brennar-6.html	131	㊴	trois pistes, et elles ne se mélangent pas	sans source	
ecrans-brennar-6.html	131	㊴	01	nombre	
ecrans-brennar-6.html	131	㊴	/3	nombre	
ecrans-brennar-6.html	131	㊴	pistes chaudes	sans source	
ecrans-brennar-6.html	131	㊴	00	nombre	
ecrans-brennar-6.html	131	㊴	franchies	sans source	
ecrans-brennar-6.html	131	㊴	01	nombre	
ecrans-brennar-6.html	131	㊴	/4	nombre	
ecrans-brennar-6.html	131	㊴	qui tiennent	sans source	
ecrans-brennar-6.html	131	㊴	la comptabilité	fragment servi	
ecrans-brennar-6.html	131	㊴	on regarde	sans source	
ecrans-brennar-6.html	131	㊴	watched	sans source	
ecrans-brennar-6.html	131	㊴	ce qui sort des cuves	sans source	
ecrans-brennar-6.html	131	㊴	ça se voit	fragment servi	
ecrans-brennar-6.html	131	㊴	visible	sans source	
ecrans-brennar-6.html	131	㊴	le train de vie d’un lieutenant	sans source	
ecrans-brennar-6.html	131	㊴	discret	sans source	
ecrans-brennar-6.html	131	㊴	quiet	sans source	
ecrans-brennar-6.html	131	㊴	pourquoi trois colonnes	sans source	
ecrans-brennar-6.html	131	㊴	On peut être propre sur deux et pris sur la troisième	sans source	
ecrans-brennar-6.html	131	㊴	la comptabilité, les rejets et le train de vie sont	sans source	
ecrans-brennar-6.html	131	㊴	suivis séparément	sans source	
ecrans-brennar-6.html	131	㊴	. Les moyenner effacerait la seule chose utile :	sans source	
ecrans-brennar-6.html	131	㊴	par où ça fuit	sans source	
ecrans-brennar-6.html	131	㊴	ACHETER DU RENSEIGNEMENT	sans source	
ecrans-brennar-6.html	131	㊴	sur un acteur, pas sur une piste —	sans source	
ecrans-brennar-6.html	131	㊴	on n’achète pas un dossier	sans source	
ecrans-brennar-6.html	132	㊴	Le dossier	fragment servi	
ecrans-brennar-6.html	132	㊴	ils sont venus	servi	forensic.evenement.ils_sont_venus
ecrans-brennar-6.html	132	㊴	03	nombre	
ecrans-brennar-6.html	132	㊴	/3	nombre	
ecrans-brennar-6.html	132	㊴	pistes chaudes	sans source	
ecrans-brennar-6.html	132	㊴	02	nombre	
ecrans-brennar-6.html	132	㊴	franchies	sans source	
ecrans-brennar-6.html	132	㊴	01	nombre	
ecrans-brennar-6.html	132	㊴	/4	nombre	
ecrans-brennar-6.html	132	㊴	qui tiennent	sans source	
ecrans-brennar-6.html	132	㊴	la comptabilité	fragment servi	
ecrans-brennar-6.html	132	㊴	ils sont venus	servi	forensic.evenement.ils_sont_venus
ecrans-brennar-6.html	132	㊴	audited	sans source	
ecrans-brennar-6.html	132	㊴	ce qui sort des cuves	sans source	
ecrans-brennar-6.html	132	㊴	ça se voit	fragment servi	
ecrans-brennar-6.html	132	㊴	visible	sans source	
ecrans-brennar-6.html	132	㊴	le train de vie d’un lieutenant	sans source	
ecrans-brennar-6.html	132	㊴	convoqué	sans source	
ecrans-brennar-6.html	132	㊴	subpoenaed	sans source	
ecrans-brennar-6.html	132	㊴	le dernier cran	sans source	
ecrans-brennar-6.html	132	㊴	Ce n’est plus une surveillance	sans source	
ecrans-brennar-6.html	132	㊴	« ils sont venus » et « convoqué » ne sont pas des crans de plus :	sans source	
ecrans-brennar-6.html	132	㊴	quelque chose a eu lieu	sans source	
ecrans-brennar-6.html	132	㊴	. Deux pistes sur trois ont franchi.	sans source	
ecrans-brennar-6.html	132	㊴	ACHETER DU RENSEIGNEMENT	sans source	
ecrans-brennar-6.html	132	㊴	sur un acteur, pas sur une piste —	sans source	
ecrans-brennar-6.html	132	㊴	on n’achète pas un dossier	sans source	
ecrans-brennar-6.html	133	㊴	Le dossier	fragment servi	
ecrans-brennar-6.html	133	㊴	qui parle, et qui a peur	sans source	
ecrans-brennar-6.html	133	㊴	04	nombre	
ecrans-brennar-6.html	133	㊴	acteurs connus	sans source	
ecrans-brennar-6.html	133	㊴	01	nombre	
ecrans-brennar-6.html	133	㊴	qui ont peur	sans source	
ecrans-brennar-6.html	133	㊴	01	nombre	
ecrans-brennar-6.html	133	㊴	partis	sans source	
ecrans-brennar-6.html	133	㊴	Avocat	sans source	
ecrans-brennar-6.html	133	㊴	ia.actor.4f21	identifiant brut	
ecrans-brennar-6.html	133	㊴	il tient	sans source	
ecrans-brennar-6.html	133	㊴	Greffier	sans source	
ecrans-brennar-6.html	133	㊴	ia.actor.9c07	identifiant brut	
ecrans-brennar-6.html	133	㊴	il a peur	sans source	
ecrans-brennar-6.html	133	㊴	Greffier	sans source	
ecrans-brennar-6.html	133	㊴	ia.actor.1b44	identifiant brut	
ecrans-brennar-6.html	133	㊴	injoignable	sans source	
ecrans-brennar-6.html	133	㊴	Avocat	sans source	
ecrans-brennar-6.html	133	㊴	ia.actor.7e90	identifiant brut	
ecrans-brennar-6.html	133	㊴	parti	sans source	
ecrans-brennar-6.html	133	㊴	deux types listés, cinq achetables	sans source	
ecrans-brennar-6.html	133	㊴	Trois acteurs que rien ne vous montre	sans source	
ecrans-brennar-6.html	133	㊴	la route accepte d’acheter du renseignement sur	sans source	
ecrans-brennar-6.html	133	㊴	cinq types	sans source	
ecrans-brennar-6.html	133	㊴	— l’inspecteur du port, le courtier, le greffier du juge — mais la liste n’en rend que	sans source	
ecrans-brennar-6.html	133	㊴	deux	servi	exceptions.nombre.deux
ecrans-brennar-6.html	133	㊴	. Les trois autres existent sans être visibles.	sans source	
ecrans-brennar-6.html	134	㊴	Le dossier	fragment servi	
ecrans-brennar-6.html	134	㊴	il ne reviendra pas	sans source	
ecrans-brennar-6.html	134	㊴	04	nombre	
ecrans-brennar-6.html	134	㊴	acteurs connus	sans source	
ecrans-brennar-6.html	134	㊴	01	nombre	
ecrans-brennar-6.html	134	㊴	qui ont peur	sans source	
ecrans-brennar-6.html	134	㊴	01	nombre	
ecrans-brennar-6.html	134	㊴	partis	sans source	
ecrans-brennar-6.html	134	㊴	Avocat	sans source	
ecrans-brennar-6.html	134	㊴	ia.actor.4f21	identifiant brut	
ecrans-brennar-6.html	134	㊴	il tient	sans source	
ecrans-brennar-6.html	134	㊴	Greffier	sans source	
ecrans-brennar-6.html	134	㊴	ia.actor.9c07	identifiant brut	
ecrans-brennar-6.html	134	㊴	il a peur	sans source	
ecrans-brennar-6.html	134	㊴	Greffier	sans source	
ecrans-brennar-6.html	134	㊴	ia.actor.1b44	identifiant brut	
ecrans-brennar-6.html	134	㊴	injoignable	sans source	
ecrans-brennar-6.html	134	㊴	Avocat	sans source	
ecrans-brennar-6.html	134	㊴	ia.actor.7e90	identifiant brut	
ecrans-brennar-6.html	134	㊴	parti	sans source	
ecrans-brennar-6.html	134	㊴	parti n’est pas injoignable	sans source	
ecrans-brennar-6.html	134	㊴	Celui-là ne reviendra pas	sans source	
ecrans-brennar-6.html	134	㊴	un acteur	sans source	
ecrans-brennar-6.html	134	㊴	injoignable	sans source	
ecrans-brennar-6.html	134	㊴	revient. Un acteur	sans source	
ecrans-brennar-6.html	134	㊴	parti	sans source	
ecrans-brennar-6.html	134	㊴	est une perte définitive — la seule chose à en faire est de ne plus compter dessus.	sans source	
ecrans-brennar-6.html	135	㊴	Le dossier	fragment servi	
ecrans-brennar-6.html	135	㊴	rien à votre nom	sans source	
ecrans-brennar-6.html	135	㊴	00	nombre	
ecrans-brennar-6.html	135	㊴	/3	nombre	
ecrans-brennar-6.html	135	㊴	pistes chaudes	sans source	
ecrans-brennar-6.html	135	㊴	00	nombre	
ecrans-brennar-6.html	135	㊴	franchies	sans source	
ecrans-brennar-6.html	135	㊴	00	nombre	
ecrans-brennar-6.html	135	㊴	acteurs connus	sans source	
ecrans-brennar-6.html	135	㊴	Rien à votre nom.	sans source	
ecrans-brennar-6.html	135	㊴	Personne n’a encore eu de raison de vous ouvrir un dossier.	sans source	
ecrans-brennar-6.html	135	㊴	ce n’est pas une bonne nouvelle	sans source	
ecrans-brennar-6.html	135	㊴	C’est juste une nouvelle	sans source	
ecrans-brennar-6.html	135	㊴	les trois pistes montent avec ce que vous faites. À zéro, elles ne disent pas que vous êtes prudent : elles disent que	sans source	
ecrans-brennar-6.html	135	㊴	vous n’avez pas encore commencé	sans source	
ecrans-brennar-6.html	136	㊴	Le dossier	fragment servi	
ecrans-brennar-6.html	136	㊴	ce qui manque encore	servi	horizon.bloc.ce_qui_manque_encore
ecrans-brennar-6.html	136	㊴	02	nombre	
ecrans-brennar-6.html	136	㊴	/3	nombre	
ecrans-brennar-6.html	136	㊴	pistes chaudes	sans source	
ecrans-brennar-6.html	136	㊴	00	nombre	
ecrans-brennar-6.html	136	㊴	franchies	sans source	
ecrans-brennar-6.html	136	㊴	04	nombre	
ecrans-brennar-6.html	136	㊴	acteurs	sans source	
ecrans-brennar-6.html	136	㊴	L1	sans source	
ecrans-brennar-6.html	136	㊴	maillon manquant	servi	filiere.bloc.maillon_manquant
ecrans-brennar-6.html	136	㊴	Lister les cinq types d’acteurs	sans source	
ecrans-brennar-6.html	136	㊴	la route en achète cinq, la projection en rend deux — trois sont hors de vue	sans source	
ecrans-brennar-6.html	136	㊴	L2	sans source	
ecrans-brennar-6.html	136	㊴	maillon manquant	servi	filiere.bloc.maillon_manquant
ecrans-brennar-6.html	136	㊴	Donner un nom aux acteurs	sans source	
ecrans-brennar-6.html	136	㊴	`actorRef` est un identifiant ; sixième écran à buter sur les libellés manquants	sans source	
ecrans-brennar-6.html	136	㊴	L3	sans source	
ecrans-brennar-6.html	136	㊴	maillon manquant	servi	filiere.bloc.maillon_manquant
ecrans-brennar-6.html	136	㊴	Dire le prix du renseignement	sans source	
ecrans-brennar-6.html	136	㊴	on achète sans savoir combien ; aucun champ ne le porte	sans source	
ecrans-brennar-6.html	136	㊴	L4	sans source	
ecrans-brennar-6.html	136	㊴	maillon manquant	servi	filiere.bloc.maillon_manquant
ecrans-brennar-6.html	136	㊴	Dire ce que le renseignement a donné	sans source	
ecrans-brennar-6.html	136	㊴	la route retourne un résultat qu’aucune lecture ne conserve	sans source	
ecrans-brennar-6.html	137	㊵	La filière	servi	game.legal.lawyer_tier.corruption_pipeline filiere.bloc.la_filiere loi.bloc.la_filiere
ecrans-brennar-6.html	137	㊵	où en est chaque étape	sans source	
ecrans-brennar-6.html	137	㊵	04	nombre	
ecrans-brennar-6.html	137	㊵	étapes	servi	filiere.bloc.etapes
ecrans-brennar-6.html	137	㊵	01	nombre	
ecrans-brennar-6.html	137	㊵	propres	sans source	
ecrans-brennar-6.html	137	㊵	00	nombre	
ecrans-brennar-6.html	137	㊵	écarts	servi	filiere.bloc.ecarts
ecrans-brennar-6.html	137	㊵	Le comptoir	fragment servi	
ecrans-brennar-6.html	137	㊵	node · dirty	sans source	
ecrans-brennar-6.html	137	㊵	sale	servi	blanchiment.purete.dirty pipeline.etat.dirty blanchiment.purete.sale
ecrans-brennar-6.html	137	㊵	La blanchisserie	sans source	
ecrans-brennar-6.html	137	㊵	node · partial	sans source	
ecrans-brennar-6.html	137	㊵	à moitié	sans source	
ecrans-brennar-6.html	137	㊵	Le garage	sans source	
ecrans-brennar-6.html	137	㊵	node · mostly_clean	sans source	
ecrans-brennar-6.html	137	㊵	presque propre	servi	blanchiment.purete.mostly_clean pipeline.etat.mostly_clean blanchiment.purete.presque_propre
ecrans-brennar-6.html	137	㊵	Le notaire	sans source	
ecrans-brennar-6.html	137	㊵	node · clean	sans source	
ecrans-brennar-6.html	137	㊵	propre	servi	blanchiment.purete.clean pipeline.etat.clean blanchiment.purete.propre
ecrans-brennar-6.html	137	㊵	et c’est voulu	sans source	
ecrans-brennar-6.html	137	㊵	La propreté, jamais le montant	sans source	
ecrans-brennar-6.html	137	㊵	le serveur ne rend	sans source	
ecrans-brennar-6.html	137	㊵	aucun scalaire brut	sans source	
ecrans-brennar-6.html	137	㊵	: ni montant, ni durée, ni frais — il dit seulement si de l’argent est là. C’est la règle R2.2 du canon, pas un manque à combler.	sans source	
ecrans-brennar-6.html	137	㊵	INJECTER	sans source	
ecrans-brennar-6.html	137	㊵	depuis votre comptoir, vers une planque à vous	sans source	
ecrans-brennar-6.html	138	㊵	La filière	servi	game.legal.lawyer_tier.corruption_pipeline filiere.bloc.la_filiere loi.bloc.la_filiere
ecrans-brennar-6.html	138	㊵	la filière s’écarte de son profil	proposé	atelier 32-filiere-ecart-2026-09-23.tsv : filiere.bloc.la_filiere_s_ecarte_de_son_profil
ecrans-brennar-6.html	138	㊵	04	nombre	
ecrans-brennar-6.html	138	㊵	étapes	servi	filiere.bloc.etapes
ecrans-brennar-6.html	138	㊵	01	nombre	
ecrans-brennar-6.html	138	㊵	propres	sans source	
ecrans-brennar-6.html	138	㊵	01	nombre	
ecrans-brennar-6.html	138	㊵	écarts	servi	filiere.bloc.ecarts
ecrans-brennar-6.html	138	㊵	Le comptoir	fragment servi	
ecrans-brennar-6.html	138	㊵	node · dirty	sans source	
ecrans-brennar-6.html	138	㊵	sale	servi	blanchiment.purete.dirty pipeline.etat.dirty blanchiment.purete.sale
ecrans-brennar-6.html	138	㊵	écart	proposé	atelier 32-filiere-ecart-2026-09-23.tsv : filiere.bloc.ecart
ecrans-brennar-6.html	138	㊵	La blanchisserie	sans source	
ecrans-brennar-6.html	138	㊵	node · partial	sans source	
ecrans-brennar-6.html	138	㊵	à moitié	sans source	
ecrans-brennar-6.html	138	㊵	Le garage	sans source	
ecrans-brennar-6.html	138	㊵	node · mostly_clean	sans source	
ecrans-brennar-6.html	138	㊵	presque propre	servi	blanchiment.purete.mostly_clean pipeline.etat.mostly_clean blanchiment.purete.presque_propre
ecrans-brennar-6.html	138	㊵	Le notaire	sans source	
ecrans-brennar-6.html	138	㊵	node · clean	sans source	
ecrans-brennar-6.html	138	㊵	propre	servi	blanchiment.purete.clean pipeline.etat.clean blanchiment.purete.propre
ecrans-brennar-6.html	138	㊵	un seul voyant	proposé	atelier 32-filiere-ecart-2026-09-23.tsv : filiere.bloc.un_seul_voyant
ecrans-brennar-6.html	138	㊵	La filière s’écarte de son profil	proposé	atelier 32-filiere-ecart-2026-09-23.tsv : filiere.bloc.la_filiere_s_ecarte_de_son_profil
ecrans-brennar-6.html	138	㊵	le serveur dit	sans source	
ecrans-brennar-6.html	138	㊵	oui ou non	sans source	
ecrans-brennar-6.html	138	㊵	, jamais de combien ni pourquoi. C’est le seul signal d’alerte du domaine — et il ne se mesure pas.	sans source	
ecrans-brennar-6.html	138	㊵	INJECTER	sans source	
ecrans-brennar-6.html	138	㊵	depuis votre comptoir, vers une planque à vous	sans source	
ecrans-brennar-6.html	139	㊵	La filière	servi	game.legal.lawyer_tier.corruption_pipeline filiere.bloc.la_filiere loi.bloc.la_filiere
ecrans-brennar-6.html	139	㊵	ce qui est tenu, ce qui reste flou	sans source	
ecrans-brennar-6.html	139	㊵	04	nombre	
ecrans-brennar-6.html	139	㊵	maillons	sans source	
ecrans-brennar-6.html	139	㊵	01	nombre	
ecrans-brennar-6.html	139	㊵	tenus	sans source	
ecrans-brennar-6.html	139	㊵	03	nombre	
ecrans-brennar-6.html	139	㊵	non re-mesurés	sans source	
ecrans-brennar-6.html	139	㊵	1	nombre	
ecrans-brennar-6.html	139	㊵	Une planque à vous	sans source	
ecrans-brennar-6.html	139	㊵	le welcome grant en pose une — écrivain de production compté	sans source	
ecrans-brennar-6.html	139	㊵	safehouses	sans source	
ecrans-brennar-6.html	139	㊵	2	nombre	
ecrans-brennar-6.html	139	㊵	Injecter l’argent	sans source	
ecrans-brennar-6.html	139	㊵	la porte qui la bloquait est levée ; l’aboutissement n’est pas re-mesuré	sans source	
ecrans-brennar-6.html	139	㊵	laundering/inject	sans source	
ecrans-brennar-6.html	139	㊵	3	nombre	
ecrans-brennar-6.html	139	㊵	Le profil de la filière	sans source	
ecrans-brennar-6.html	139	㊵	écrit par l’injection — non re-mesuré depuis	sans source	
ecrans-brennar-6.html	139	㊵	transaction_profile	identifiant brut	
ecrans-brennar-6.html	139	㊵	4	nombre	
ecrans-brennar-6.html	139	㊵	L’épingle de contrôle	sans source	
ecrans-brennar-6.html	139	㊵	posée sur un bâtiment promu — non re-mesuré depuis	sans source	
ecrans-brennar-6.html	139	㊵	audit_pin	identifiant brut	
ecrans-brennar-6.html	139	㊵	la chaîne	sans source	
ecrans-brennar-6.html	139	㊵	Le premier maillon tient depuis le 31 août	sans source	
ecrans-brennar-6.html	139	㊵	il n’avait pas d’écrivain, il en a un — et l’écran le disait encore après. Les trois suivants ne sont	sans source	
ecrans-brennar-6.html	139	㊵	pas re-mesurés	sans source	
ecrans-brennar-6.html	139	㊵	: ni tenus, ni cassés. On dit ce qu’on sait.	sans source	
ecrans-brennar-6.html	140	㊵	La filière	servi	game.legal.lawyer_tier.corruption_pipeline filiere.bloc.la_filiere loi.bloc.la_filiere
ecrans-brennar-6.html	140	㊵	vous n’en avez pas encore	sans source	
ecrans-brennar-6.html	140	㊵	00	nombre	
ecrans-brennar-6.html	140	㊵	étapes	servi	filiere.bloc.etapes
ecrans-brennar-6.html	140	㊵	00	nombre	
ecrans-brennar-6.html	140	㊵	propres	sans source	
ecrans-brennar-6.html	140	㊵	00	nombre	
ecrans-brennar-6.html	140	㊵	écarts	servi	filiere.bloc.ecarts
ecrans-brennar-6.html	140	㊵	Votre planque est prête.	sans source	
ecrans-brennar-6.html	140	㊵	La filière, elle, reste à monter.	sans source	
ecrans-brennar-6.html	140	㊵	par où ça commence	sans source	
ecrans-brennar-6.html	140	㊵	Injecter, puis accrocher une étape	sans source	
ecrans-brennar-6.html	140	㊵	la planque vous est donnée	sans source	
ecrans-brennar-6.html	140	㊵	à l’arrivée	fragment servi	
ecrans-brennar-6.html	140	㊵	; le reste se construit. Une première injection ouvre la filière, chaque étape suivante s’accroche à la précédente.	sans source	
ecrans-brennar-6.html	140	㊵	INJECTER	sans source	
ecrans-brennar-6.html	141	㊵	La filière	servi	game.legal.lawyer_tier.corruption_pipeline filiere.bloc.la_filiere loi.bloc.la_filiere
ecrans-brennar-6.html	141	㊵	aucune filière	sans source	
ecrans-brennar-6.html	141	㊵	00	nombre	
ecrans-brennar-6.html	141	㊵	étapes	servi	filiere.bloc.etapes
ecrans-brennar-6.html	141	㊵	00	nombre	
ecrans-brennar-6.html	141	㊵	/4	nombre	
ecrans-brennar-6.html	141	㊵	propre au bout	servi	filiere.bloc.propre_au_bout
ecrans-brennar-6.html	141	㊵	00	nombre	
ecrans-brennar-6.html	141	㊵	écarts	servi	filiere.bloc.ecarts
ecrans-brennar-6.html	141	㊵	Aucune filière montée.	sans source	
ecrans-brennar-6.html	141	㊵	Une filière se construit étape par étape.	sans source	
ecrans-brennar-6.html	141	㊵	comment ça se monte	sans source	
ecrans-brennar-6.html	141	㊵	Une étape s’accroche à la précédente	sans source	
ecrans-brennar-6.html	141	㊵	chaque étape se pose	sans source	
ecrans-brennar-6.html	141	㊵	à partir d’un nœud existant	sans source	
ecrans-brennar-6.html	141	㊵	et d’un bâtiment à vous. La première a besoin d’une injection — donc d’une planque.	sans source	
ecrans-brennar-6.html	142	㊵	La filière	servi	game.legal.lawyer_tier.corruption_pipeline filiere.bloc.la_filiere loi.bloc.la_filiere
ecrans-brennar-6.html	142	㊵	ce qui manque encore	servi	horizon.bloc.ce_qui_manque_encore
ecrans-brennar-6.html	142	㊵	01	nombre	
ecrans-brennar-6.html	142	㊵	manque	sans source	
ecrans-brennar-6.html	142	㊵	01	nombre	
ecrans-brennar-6.html	142	㊵	livré	sans source	
ecrans-brennar-6.html	142	㊵	02	nombre	
ecrans-brennar-6.html	142	㊵	au canon	sans source	
ecrans-brennar-6.html	142	㊵	LIVRÉ	sans source	
ecrans-brennar-6.html	142	㊵	état	servi	famille.ecran.etat
ecrans-brennar-6.html	142	㊵	La planque est donnée à l’arrivée	sans source	
ecrans-brennar-6.html	142	㊵	le premier maillon avait zéro écrivain ; le welcome grant en pose une depuis le 31 août — c’est ce qui a rendu cette planche fausse	sans source	
ecrans-brennar-6.html	142	㊵	MANQUE	sans source	
ecrans-brennar-6.html	142	㊵	état	servi	famille.ecran.etat
ecrans-brennar-6.html	142	㊵	Nommer les nœuds et les bâtiments	sans source	
ecrans-brennar-6.html	142	㊵	ce sont des références nues : zéro libellé servi, mesuré — septième écran à buter sur les noms	sans source	
ecrans-brennar-6.html	142	㊵	CANON	sans source	
ecrans-brennar-6.html	142	㊵	état	servi	famille.ecran.etat
ecrans-brennar-6.html	142	㊵	Le montant n’a pas à ressortir	sans source	
ecrans-brennar-6.html	142	㊵	aucun scalaire brut ne traverse la projection — R2.2. Le réclamer serait un lot contre la règle, pas un lot manquant	sans source	
ecrans-brennar-6.html	142	㊵	CANON	sans source	
ecrans-brennar-6.html	142	㊵	état	servi	famille.ecran.etat
ecrans-brennar-6.html	142	㊵	L’écart est un voyant, pas une mesure	sans source	
ecrans-brennar-6.html	142	㊵	le serveur dit qu’il y a écart, jamais de combien ni pourquoi — même règle, et l’écran le pose comme un voyant	sans source	
ecrans-brennar-6.html	143	㊴	Le dossier	fragment servi	
ecrans-brennar-6.html	143	㊴	les douze crans, tous	sans source	
ecrans-brennar-6.html	143	㊴	03	nombre	
ecrans-brennar-6.html	143	㊴	pistes	sans source	
ecrans-brennar-6.html	143	㊴	12	nombre	
ecrans-brennar-6.html	143	㊴	crans	sans source	
ecrans-brennar-6.html	143	㊴	00	nombre	
ecrans-brennar-6.html	143	㊴	moyennés	sans source	
ecrans-brennar-6.html	143	㊴	la comptabilité	fragment servi	
ecrans-brennar-6.html	143	㊴	audit_risk_bucket	identifiant brut	
ecrans-brennar-6.html	143	㊴	clean	sans source	
ecrans-brennar-6.html	143	㊴	rien à signaler	servi	accueil.carte.rien_a_signaler
ecrans-brennar-6.html	143	㊴	watched	sans source	
ecrans-brennar-6.html	143	㊴	on regarde	sans source	
ecrans-brennar-6.html	143	㊴	flagged	sans source	
ecrans-brennar-6.html	143	㊴	un dossier est ouvert	servi	forensic.cran.un_dossier_est_ouvert
ecrans-brennar-6.html	143	㊴	audited	sans source	
ecrans-brennar-6.html	143	㊴	ils sont venus	servi	forensic.evenement.ils_sont_venus
ecrans-brennar-6.html	143	㊴	ce qui sort des cuves	sans source	
ecrans-brennar-6.html	143	㊴	effluent_visibility_bucket	identifiant brut	
ecrans-brennar-6.html	143	㊴	clear	sans source	
ecrans-brennar-6.html	143	㊴	invisible	sans source	
ecrans-brennar-6.html	143	㊴	faint	sans source	
ecrans-brennar-6.html	143	㊴	des traces	sans source	
ecrans-brennar-6.html	143	㊴	visible	sans source	
ecrans-brennar-6.html	143	㊴	ça se voit	fragment servi	
ecrans-brennar-6.html	143	㊴	glaring	sans source	
ecrans-brennar-6.html	143	㊴	ça saute aux yeux	servi	forensic.evenement.ca_saute_aux_yeux
ecrans-brennar-6.html	143	㊴	le train de vie d’un lieutenant	sans source	
ecrans-brennar-6.html	143	㊴	lifestyle_alarm_bucket	identifiant brut	
ecrans-brennar-6.html	143	㊴	quiet	sans source	
ecrans-brennar-6.html	143	㊴	discret	sans source	
ecrans-brennar-6.html	143	㊴	noticed	sans source	
ecrans-brennar-6.html	143	㊴	remarqué	sans source	
ecrans-brennar-6.html	143	㊴	watched	sans source	
ecrans-brennar-6.html	143	㊴	suivi	sans source	
ecrans-brennar-6.html	143	㊴	subpoenaed	sans source	
ecrans-brennar-6.html	143	㊴	convoqué	sans source	
ecrans-brennar-6.html	143	㊴	pourquoi tous les crans	sans source	
ecrans-brennar-6.html	143	㊴	Le dernier de chaque piste est un événement, pas un cran de plus	sans source	
ecrans-brennar-6.html	143	㊴	ils sont venus · ça saute aux yeux · convoqué — on ne vous surveille plus. L’écran les montre	sans source	
ecrans-brennar-6.html	143	㊴	tous	sans source	
ecrans-brennar-6.html	143	㊴	pour qu’aucune valeur servie ne soit sans dessin.	sans source	
ecrans-brennar-6.html	144	㊲	Le miroir	servi	reputation.bloc.le_miroir
ecrans-brennar-6.html	144	㊲	il a déjà pris de vous, pas encore de quoi le lire	sans source	
ecrans-brennar-6.html	144	㊲	03	nombre	
ecrans-brennar-6.html	144	㊲	règles données	sans source	
ecrans-brennar-6.html	144	㊲	02	nombre	
ecrans-brennar-6.html	144	㊲	/4	nombre	
ecrans-brennar-6.html	144	㊲	absorbées	sans source	
ecrans-brennar-6.html	144	㊲	00	nombre	
ecrans-brennar-6.html	144	㊲	enfreintes	sans source	
ecrans-brennar-6.html	144	㊲	Lt. Hara, votre lieutenant	sans source	
ecrans-brennar-6.html	144	㊲	Il se tient à carreau	servi	reputation.etat.il_se_tient_a_carreau
ecrans-brennar-6.html	144	㊲	lieutenant.name — non projeté (L0.4)	sans source	
ecrans-brennar-6.html	144	㊲	Pas encore jugeable	servi	reputation.etat.pas_encore_jugeable
ecrans-brennar-6.html	144	㊲	ce qu’il a absorbé de vos règles	servi	reputation.bloc.ce_qu_il_a_absorbe_de_vos_regles
ecrans-brennar-6.html	144	㊲	col boutonné	sans source	
ecrans-brennar-6.html	144	㊲	la comptabilité tenue	servi	reputation.etat.la_comptabilite_tenue
ecrans-brennar-6.html	144	㊲	manches basses	sans source	
ecrans-brennar-6.html	144	㊲	la justice envers les siens	servi	reputation.etat.la_justice_envers_les_siens
ecrans-brennar-6.html	144	㊲	montre visible	sans source	
ecrans-brennar-6.html	144	㊲	la ponctualité	servi	reputation.etat.la_ponctualite
ecrans-brennar-6.html	144	㊲	gants sales	sans source	
ecrans-brennar-6.html	144	㊲	la discrétion devant les civils	servi	reputation.etat.la_discretion_devant_les_civils
ecrans-brennar-6.html	144	㊲	ni l’un ni l’autre	sans source	
ecrans-brennar-6.html	144	㊲	Deux vertus sur lui, pas encore un verdict	sans source	
ecrans-brennar-6.html	144	㊲	il a retenu des choses de vous — et le serveur ne dit	sans source	
ecrans-brennar-6.html	144	㊲	toujours pas	sans source	
ecrans-brennar-6.html	144	㊲	si vous vous y tenez. Ce n’est pas un cran entre les deux : c’est l’absence de verdict, avec de l’absorbé.	sans source	
ecrans-brennar-6.html	144	㊲	DONNER UNE RÈGLE	servi	reputation.bloc.donner_une_regle
ecrans-brennar-6.html	145	㊳	Le journal	servi	journal.bloc.le_journal
ecrans-brennar-6.html	145	㊳	les onze crans, tous	sans source	
ecrans-brennar-6.html	145	㊳	03	nombre	
ecrans-brennar-6.html	145	㊳	groupes	sans source	
ecrans-brennar-6.html	145	㊳	11	nombre	
ecrans-brennar-6.html	145	㊳	crans	sans source	
ecrans-brennar-6.html	145	㊳	00	nombre	
ecrans-brennar-6.html	145	㊳	moyennés	sans source	
ecrans-brennar-6.html	145	㊳	la fraîcheur	sans source	
ecrans-brennar-6.html	145	㊳	recency_band	identifiant brut	
ecrans-brennar-6.html	145	㊳	fresh	sans source	
ecrans-brennar-6.html	145	㊳	ce matin	sans source	
ecrans-brennar-6.html	145	㊳	settling	sans source	
ecrans-brennar-6.html	145	㊳	hier	sans source	
ecrans-brennar-6.html	145	㊳	fading	sans source	
ecrans-brennar-6.html	145	㊳	la semaine passée	sans source	
ecrans-brennar-6.html	145	㊳	la gravité	sans source	
ecrans-brennar-6.html	145	㊳	severity_band	identifiant brut	
ecrans-brennar-6.html	145	㊳	faint	sans source	
ecrans-brennar-6.html	145	㊳	à peine	sans source	
ecrans-brennar-6.html	145	㊳	noticeable	sans source	
ecrans-brennar-6.html	145	㊳	on en parle	sans source	
ecrans-brennar-6.html	145	㊳	heavy	sans source	
ecrans-brennar-6.html	145	㊳	ça pèse	sans source	
ecrans-brennar-6.html	145	㊳	la phase	sans source	
ecrans-brennar-6.html	145	㊳	phase_band	identifiant brut	
ecrans-brennar-6.html	145	㊳	onset	sans source	
ecrans-brennar-6.html	145	㊳	ça commence	servi	journal.bloc.ca_commence
ecrans-brennar-6.html	145	㊳	unfolding	sans source	
ecrans-brennar-6.html	145	㊳	ça se déploie	servi	journal.bloc.ca_se_deploie
ecrans-brennar-6.html	145	㊳	receding	sans source	
ecrans-brennar-6.html	145	㊳	ça retombe	servi	journal.bloc.ca_retombe
ecrans-brennar-6.html	145	㊳	lingering	sans source	
ecrans-brennar-6.html	145	㊳	ça traîne	servi	journal.bloc.ca_traine
ecrans-brennar-6.html	145	㊳	permanent	sans source	
ecrans-brennar-6.html	145	㊳	ça ne partira pas	servi	journal.bloc.ca_ne_partira_pas
ecrans-brennar-6.html	145	㊳	pourquoi tous les crans	sans source	
ecrans-brennar-6.html	145	㊳	Un témoin qui suit l’état du monde n’est pas un témoin	sans source	
ecrans-brennar-6.html	145	㊳	ces cadres montrent des états ; celui-ci montre l’	sans source	
ecrans-brennar-6.html	145	㊳	énumération	sans source	
ecrans-brennar-6.html	145	㊳	. Le monde changera de valeur et ce dessin restera vrai — c’est ce qui évite au client d’inventer une forme pour une valeur jamais dessinée.	sans source	
ecrans-brennar-7-lieutenant.html	0	⑦	Lt. Quist	nom de fiction	
ecrans-brennar-7-lieutenant.html	0	⑦	Cuisinier · Exécutant · Délégué	servi	composé : famille.archetype.cuisinier + famille.grantedrole.executant + famille.mode.delegue
ecrans-brennar-7-lieutenant.html	0	⑦	Au repos	servi	famille.opstate.au_repos district.revenue.idle vente.bloc.au_repos
ecrans-brennar-7-lieutenant.html	0	⑦	Ancienneté	servi	famille.ecran.anciennete
ecrans-brennar-7-lieutenant.html	0	⑦	Depuis peu	servi	famille.anciennete.depuis_peu
ecrans-brennar-7-lieutenant.html	0	⑦	Règles	servi	famille.ecran.regles
ecrans-brennar-7-lieutenant.html	0	⑦	Aucune règle	servi	famille.rulecount.aucune_regle
ecrans-brennar-7-lieutenant.html	0	⑦	Coût de réécriture	servi	famille.ecran.cout_de_reecriture
ecrans-brennar-7-lieutenant.html	0	⑦	Réécrire coûte peu	servi	famille.revisioncost.reecrire_coute_peu
ecrans-brennar-7-lieutenant.html	0	⑦	Gain de rendement	servi	famille.ecran.gain_de_rendement
ecrans-brennar-7-lieutenant.html	0	⑦	Aucun gain de rendement	servi	famille.efficiencybonus.aucun_gain_de_rendement
ecrans-brennar-7-lieutenant.html	0	⑦	Stabilisation après transfert	servi	famille.ecran.stabilisation_apres_transfert
ecrans-brennar-7-lieutenant.html	0	⑦	S’installe vite	servi	famille.disruption.s_installe_vite
ecrans-brennar-7-lieutenant.html	0	⑦	Signal	proposé	class="prop"
ecrans-brennar-7-lieutenant.html	0	⑦	à l’écoute	proposé	class="prop"
ecrans-brennar-7-lieutenant.html	0	⑦	Ordre permanent	proposé	class="prop"
ecrans-brennar-7-lieutenant.html	0	⑦	aucun ordre	proposé	class="prop"
ecrans-brennar-7-lieutenant.html	0	⑦	Autonomie	proposé	class="prop"
ecrans-brennar-7-lieutenant.html	0	⑦	Opérations de production	servi	famille.category.operations_de_production
ecrans-brennar-7-lieutenant.html	0	⑦	Épuisé	servi	famille.band.epuise
ecrans-brennar-7-lieutenant.html	0	⑦	Flux de blanchiment	servi	famille.category.flux_de_blanchiment
ecrans-brennar-7-lieutenant.html	0	⑦	Normal	servi	famille.band.normal
ecrans-brennar-7-lieutenant.html	0	⑦	Routage logistique	servi	famille.category.routage_logistique
ecrans-brennar-7-lieutenant.html	0	⑦	Plein	servi	famille.band.plein district.harvest.full
ecrans-brennar-7-lieutenant.html	0	⑦	Réaffecter…	servi	famille.ecran.reaffecter
ecrans-brennar-7-lieutenant.html	0	⑦	+ Ajouter une règle	servi	famille.ecran.ajouter_une_regle
ecrans-brennar-7-lieutenant.html	1	⑦	Lt. Quist	nom de fiction	
ecrans-brennar-7-lieutenant.html	1	⑦	Cuisinier · Exécutant · Délégué	servi	composé : famille.archetype.cuisinier + famille.grantedrole.executant + famille.mode.delegue
ecrans-brennar-7-lieutenant.html	1	⑦	Actif	servi	famille.opstate.actif
ecrans-brennar-7-lieutenant.html	1	⑦	dérive	proposé	class="prop"
ecrans-brennar-7-lieutenant.html	1	⑦	Ancienneté	servi	famille.ecran.anciennete
ecrans-brennar-7-lieutenant.html	1	⑦	Depuis peu	servi	famille.anciennete.depuis_peu
ecrans-brennar-7-lieutenant.html	1	⑦	Règles	servi	famille.ecran.regles
ecrans-brennar-7-lieutenant.html	1	⑦	Aucune règle	servi	famille.rulecount.aucune_regle
ecrans-brennar-7-lieutenant.html	1	⑦	Coût de réécriture	servi	famille.ecran.cout_de_reecriture
ecrans-brennar-7-lieutenant.html	1	⑦	Réécrire coûte peu	servi	famille.revisioncost.reecrire_coute_peu
ecrans-brennar-7-lieutenant.html	1	⑦	Gain de rendement	servi	famille.ecran.gain_de_rendement
ecrans-brennar-7-lieutenant.html	1	⑦	Aucun gain de rendement	servi	famille.efficiencybonus.aucun_gain_de_rendement
ecrans-brennar-7-lieutenant.html	1	⑦	Stabilisation après transfert	servi	famille.ecran.stabilisation_apres_transfert
ecrans-brennar-7-lieutenant.html	1	⑦	S’installe vite	servi	famille.disruption.s_installe_vite
ecrans-brennar-7-lieutenant.html	1	⑦	Signal	proposé	class="prop"
ecrans-brennar-7-lieutenant.html	1	⑦	dérive	proposé	class="prop"
ecrans-brennar-7-lieutenant.html	1	⑦	Ordre permanent	proposé	class="prop"
ecrans-brennar-7-lieutenant.html	1	⑦	aucun ordre	proposé	class="prop"
ecrans-brennar-7-lieutenant.html	1	⑦	Il écoute autre chose que vos ordres	proposé	class="prop"
ecrans-brennar-7-lieutenant.html	1	⑦	Rappeler l’ordre direct	proposé	class="prop"
ecrans-brennar-7-lieutenant.html	1	⑦	Remettre l’écoute à zéro	proposé	class="prop"
ecrans-brennar-7-lieutenant.html	1	⑦	Brouiller un repère	proposé	class="prop"
ecrans-brennar-7-lieutenant.html	1	⑦	ce qu’il écoute à la place :	proposé	class="prop"
ecrans-brennar-7-lieutenant.html	1	⑦	l’état du terrain	proposé	class="prop"
ecrans-brennar-7-lieutenant.html	1	⑦	ce qu’il reste	proposé	class="prop"
ecrans-brennar-7-lieutenant.html	1	⑦	l’heure	proposé	class="prop"
ecrans-brennar-7-lieutenant.html	1	⑦	ce que font les autres	proposé	class="prop"
ecrans-brennar-7-lieutenant.html	2	⑦	Lt. Quist	nom de fiction	
ecrans-brennar-7-lieutenant.html	2	⑦	Cuisinier · Exécutant · Délégué	servi	composé : famille.archetype.cuisinier + famille.grantedrole.executant + famille.mode.delegue
ecrans-brennar-7-lieutenant.html	2	⑦	Actif	servi	famille.opstate.actif
ecrans-brennar-7-lieutenant.html	2	⑦	Ancienneté	servi	famille.ecran.anciennete
ecrans-brennar-7-lieutenant.html	2	⑦	Depuis peu	servi	famille.anciennete.depuis_peu
ecrans-brennar-7-lieutenant.html	2	⑦	Règles	servi	famille.ecran.regles
ecrans-brennar-7-lieutenant.html	2	⑦	Aucune règle	servi	famille.rulecount.aucune_regle
ecrans-brennar-7-lieutenant.html	2	⑦	Coût de réécriture	servi	famille.ecran.cout_de_reecriture
ecrans-brennar-7-lieutenant.html	2	⑦	Réécrire coûte peu	servi	famille.revisioncost.reecrire_coute_peu
ecrans-brennar-7-lieutenant.html	2	⑦	Gain de rendement	servi	famille.ecran.gain_de_rendement
ecrans-brennar-7-lieutenant.html	2	⑦	Aucun gain de rendement	servi	famille.efficiencybonus.aucun_gain_de_rendement
ecrans-brennar-7-lieutenant.html	2	⑦	Stabilisation après transfert	servi	famille.ecran.stabilisation_apres_transfert
ecrans-brennar-7-lieutenant.html	2	⑦	S’installe vite	servi	famille.disruption.s_installe_vite
ecrans-brennar-7-lieutenant.html	2	⑦	Signal	proposé	class="prop"
ecrans-brennar-7-lieutenant.html	2	⑦	à l’écoute	proposé	class="prop"
ecrans-brennar-7-lieutenant.html	2	⑦	Ordre permanent	proposé	class="prop"
ecrans-brennar-7-lieutenant.html	2	⑦	expire bientôt	proposé	class="prop"
ecrans-brennar-7-lieutenant.html	2	⑦	En faire la règle ?	proposé	class="prop"
ecrans-brennar-7-lieutenant.html	2	⑦	Son ordre du moment a tenu. Vous pouvez le renouveler, le retirer, ou en faire sa règle par défaut.	proposé	class="prop"
ecrans-brennar-7-lieutenant.html	2	⑦	En faire la règle	proposé	class="prop"
ecrans-brennar-7-lieutenant.html	2	⑦	Renouveler	proposé	class="prop"
ecrans-brennar-7-lieutenant.html	2	⑦	Retirer	proposé	class="prop"
ecrans-brennar-accueil.html	0	④	Rien à signaler	servi	accueil.carte.rien_a_signaler
ecrans-brennar-accueil.html	0	④	Aucune décision en attente · Aucune exception en attente	servi	composé : accueil.carte.aucune_decision_en_attente + accueil.file.aucune_exception_en_attente
ecrans-brennar-accueil.html	0	④	Personne ne fait la queue — la routine tient	fragment servi	
ecrans-brennar-accueil.html	1	④	Un local à remettre en état	servi	decision.type.DAMAGED_BUILDING_REPAIR
ecrans-brennar-accueil.html	1	④	Portée	sans source	
ecrans-brennar-accueil.html	1	④	modérée	servi	exceptions.gravite.moderate decision.portee.moderee
ecrans-brennar-accueil.html	1	④	Urgence	sans source	
ecrans-brennar-accueil.html	1	④	faible	servi	accueil.etat.low building.raid_risk.low revue.reserve.faible
ecrans-brennar-accueil.html	1	④	Mettre en réparation	servi	hl.option.damaged_building.repair_via_queue
ecrans-brennar-accueil.html	1	④	Laisser en l’état	servi	hl.option.damaged_building.leave_damaged
ecrans-brennar-accueil.html	1	④	Lt. Quist attend vos ordres	servi	chrome.bandeau.attend_vos_ordres
ecrans-brennar-accueil.html	1	④	grave	servi	exceptions.gravite.severe
ecrans-brennar-accueil.html	1	④	trancher	servi	chrome.bandeau.trancher
ecrans-brennar-accueil.html	2	④	Des rapports à lire	servi	decision.type.AUTONOMY_REPORTS_PENDING
ecrans-brennar-accueil.html	2	④	Lt. Quist a un rapport pour vous	servi	chrome.bandeau.rapport
ecrans-brennar-accueil.html	2	④	Lire maintenant	servi	hl.option.autonomy_reports.review_now
ecrans-brennar-accueil.html	2	④	Laisser en attente	servi	hl.option.autonomy_reports.leave_pending hl.option.backpressure_critical_trace.leave_pending hl.option.cue_cascade_fallout.leave_pending
ecrans-brennar-accueil.html	2	④	Lt. Quist attend vos ordres	servi	chrome.bandeau.attend_vos_ordres
ecrans-brennar-accueil.html	2	④	grave	servi	exceptions.gravite.severe
ecrans-brennar-accueil.html	2	④	trancher	servi	chrome.bandeau.trancher
ecrans-brennar-accueil.html	3	④	Les exceptions	servi	accueil.chrome.les_exceptions
ecrans-brennar-accueil.html	3	④	saturée	servi	distribution.bloc.saturee exceptions.queue_pressure.saturated
ecrans-brennar-accueil.html	3	④	Plusieurs attendent encore	fragment servi	
ecrans-brennar-accueil.html	3	④	d’autres attendent au-delà de ce que la file montre	proposé	class="prop"
ecrans-brennar-accueil.html	3	④	Lt. Quist attend vos ordres	servi	chrome.bandeau.attend_vos_ordres
ecrans-brennar-accueil.html	3	④	grave	servi	exceptions.gravite.severe
ecrans-brennar-accueil.html	3	④	trancher	servi	chrome.bandeau.trancher
ecrans-brennar-25-tutoriel.html	0	㉕	la première fois	proposé	class="prop"
ecrans-brennar-25-tutoriel.html	0	㉕	Lt. Hara	nom de fiction	
ecrans-brennar-25-tutoriel.html	0	㉕	— cuisson du soir bloquée : plus de solvant. Commander maintenant (coût) ou attendre demain (rendement).	fragment servi	
ecrans-brennar-25-tutoriel.html	0	㉕	Compris	sans source	
ecrans-brennar-25-tutoriel.html	0	㉕	Ne plus rien me montrer	proposé	class="prop"
ecrans-brennar-25-tutoriel.html	1	㉕	la première fois	proposé	class="prop"
ecrans-brennar-25-tutoriel.html	1	㉕	La file est vide. Rien n’attend votre décision : la ville tourne sans vous.	servi	tutorial.queue_runs_dry
ecrans-brennar-25-tutoriel.html	1	㉕	Compris	sans source	
ecrans-brennar-25-tutoriel.html	1	㉕	Ne plus rien me montrer	proposé	class="prop"
ecrans-brennar-25-tutoriel.html	2	㉕	La première fois	proposé	class="prop"
ecrans-brennar-25-tutoriel.html	2	㉕	On vous explique encore	sans source	
ecrans-brennar-25-tutoriel.html	2	㉕	décochez le jour où vous n’avez plus besoin qu’on vous tienne la main	sans source	
ecrans-brennar-25-tutoriel.html	2	㉕	02	nombre	
ecrans-brennar-25-tutoriel.html	2	㉕	vues	proposé	class="prop"
ecrans-brennar-25-tutoriel.html	2	㉕	01	nombre	
ecrans-brennar-25-tutoriel.html	2	㉕	à venir	proposé	class="prop"
ecrans-brennar-25-tutoriel.html	2	㉕	à découvrir	proposé	class="prop"
ecrans-brennar-25-tutoriel.html	2	㉕	La pile du jour ordonne vos consignes. Le premier créneau part en premier.	servi	tutorial.cue_stack_intro
ecrans-brennar-25-tutoriel.html	2	㉕	Compris	sans source	
ecrans-brennar-25-tutoriel.html	3	㉕	La première fois	proposé	class="prop"
ecrans-brennar-25-tutoriel.html	3	㉕	On vous explique encore	sans source	
ecrans-brennar-25-tutoriel.html	3	㉕	décochez le jour où vous n’avez plus besoin qu’on vous tienne la main	sans source	
ecrans-brennar-25-tutoriel.html	3	㉕	Vous avez demandé qu’on vous laisse tranquille.	proposé	class="prop"
